word,meaning,sentence,category
baby,嬰兒,"My little sister is a cute baby.","1. People"
boy,男孩,"The boy is playing in the park.","1. People"
child,小孩,"Every child loves to play.","1. People"
girl,女孩,"The girl is reading a book.","1. People"
neighbor,鄰居,"My neighbor is very friendly.","1. People"
stranger,陌生人,"Don't talk to strangers.","1. People"
kid,小孩,"The kids are laughing.","1. People"
king,國王,"The king lives in a big castle.","1. People"
man,男人，人,"The man is wearing a hat.","1. People"
woman,女人,"The woman is cooking dinner.","1. People"
people,人們,"Many people came to the party.","1. People"
person,人,"That person is very kind.","1. People"
prince,王子,"The prince rides a white horse.","1. People"
queen,皇后,"The queen wears a crown.","1. People"
teenager,青少年,"My sister is a teenager.","1. People"
beautiful,美的,"The flower is beautiful.","1. People"
blind,瞎眼的,"He is blind and uses a stick.","1. People"
cute,可愛的,"The puppy is so cute.","1. People"
fat,胖的,"The cat is fat and fluffy.","1. People"
shy,害羞的,"She is shy and speaks quietly.","1. People"
heavy,重的,"This box is too heavy.","1. People"
old,老的,"My grandpa is old but strong.","1. People"
pretty,美麗的,"She looks pretty in that dress.","1. People"
short,矮；短的,"He is short for his age.","1. People"
smart,聰明的,"My brother is very smart.","1. People"
tall,高的,"The basketball player is tall.","1. People"
thin,瘦的,"She is thin and healthy.","1. People"
young,年輕的,"The young bird is learning to fly.","1. People"
angry,生氣的,"Dad looks angry today.","1. People"
bad,不好的,"Eating too much candy is bad.","1. People"
bored,感到無聊,"I feel bored on rainy days.","1. People"
boring,無聊的,"This movie is really boring.","1. People"
busy,忙的,"My mom is always busy.","1. People"
careful,小心的,"Be careful when you cross the street.","1. People"
cool,"涼爽的,酷的","The weather is cool today.","1. People"
crazy,瘋狂的,"That idea is crazy!","1. People"
excited,感到興奮,"I am excited about the trip.","1. People"
exciting,興奮的,"The game is very exciting.","1. People"
famous,有名的,"He is a famous singer.","1. People"
friendly,友善的,"Our neighbors are friendly.","1. People"
funny,好笑的,"He tells funny jokes.","1. People"
sad,難過的,"She feels sad after losing her toy.","1. People"
happy,快樂的,"We are happy to see you.","1. People"
hard-working,勤奮的,"My teacher is hard-working.","1. People"
honest,誠實的,"It is important to be honest.","1. People"
lovely,可愛的,"What a lovely dress!","1. People"
kind,仁慈的,"My grandmother is very kind.","1. People"
lazy,懶惰的,"He is lazy and sleeps all day.","1. People"
lonely,孤單的,"She feels lonely without her friends.","1. People"
interested,有趣的,"I am interested in science.","1. People"
rich,富有的,"He is rich and has a big house.","1. People"
nice,好的,"She is a nice person.","1. People"
polite,有禮貌的,"Always be polite to others.","1. People"
poor,窮的,"They are poor but happy.","1. People"
successful,成功的,"He is a successful businessman.","1. People"
ear,耳朵,"My ear hurts.","1. People"
eye,眼睛,"She has beautiful eyes.","1. People"
face,臉,"Please wash your face.","1. People"
hair,頭髮,"Her hair is long and black.","1. People"
lip,嘴唇,"She bit her lip.","1. People"
mouth,嘴吧,"Open your mouth wide.","1. People"
nose,鼻子,"He has a big nose.","1. People"
tooth,牙齒,"Brush your teeth twice a day.","1. People"
arm,手臂,"He raised his arm.","1. People"
leg,腿,"She hurt her leg.","1. People"
body,身體,"The body needs rest.","1. People"
finger,手指,"I have ten fingers.","1. People"
foot,腳,"My foot is cold.","1. People"
hand,手,"Please give me your hand.","1. People"
head,頭,"He nodded his head.","1. People"
throat,喉嚨,"My throat is sore.","1. People"
heart,心,"Exercise is good for the heart.","1. People"
stomach,胃,"My stomach feels full.","1. People"
neck,脖子,"She wears a scarf around her neck.","1. People"
shoulder,肩膀,"He put his arm on my shoulder.","1. People"
aunt,阿姨,"My aunt lives in another city.","1. People"
brother,兄弟,"I have one brother.","1. People"
cousin,表哥弟妹,"My cousin is coming to visit.","1. People"
daughter,女兒,"My daughter is a student.","1. People"
family,"家庭,家人","I love my family very much.","1. People"
grandfather,爺爺,"My grandfather is very old.","1. People"
grandmother,奶奶,"She visits her grandmother every week.","1. People"
husband,丈夫,"Her husband is a doctor.","1. People"
mother(mom),媽媽,"My mom cooks delicious food.","1. People"
father(dad),爸爸,"My dad works in an office.","1. People"
parents,雙親,"My parents are both teachers.","1. People"
sister,妹妹,"My sister is younger than me.","1. People"
married,已婚,"She is married and has two children.","1. People"
uncle,叔叔,"My uncle can fix anything.","1. People"
grow,長大,"Plants grow in spring.","1. People"
hundred,百,"This book has a hundred pages.","1. People"
thousand,千,"There are a thousand people in the hall.","1. People"
many much,很多,"There are many apples on the tree.","1. People"
some,一些,"I have some questions.","1. People"
several,幾個,"She has several friends.","1. People"
all,全部,"All the students are here.","1. People"
first,第一,"He came first in the race.","1. People"
second,第二,"This is my second visit.","1. People"
third,第三,"He is the third child.","1. People"
last,最後,"This is the last day of school.","1. People"
number,數字,"Write your number here.","1. People"
a few,一些,"I have a few apples.","1. People"
few,很少,"There are few students today.","1. People"
both,兩者都,"Both of them are correct.","1. People"
morning,早晨,"I wake up early in the morning.","1. People"
noon,中午,"We eat lunch at noon.","1. People"
afternoon,下午,"I go to school in the afternoon.","1. People"
evening,傍晚,"We watch TV in the evening.","1. People"
night,夜晚,"I read a book at night.","1. People"
Monday,週一,"I have English class on Monday.","1. People"
Tuesday,週二,"Tuesday is the second day of the week.","1. People"
Wednesday,週三,"We have a test on Wednesday.","1. People"
Thursday,週四,"Thursday is my favorite day.","1. People"
Friday,週五,"We go out on Friday night.","1. People"
Saturday,週六,"I play games on Saturday.","1. People"
Sunday,星期天,"I go to church on Sunday.","1. People"
week,週,"There are seven days in a week.","1. People"
weekend,週末,"We go camping on the weekend.","1. People"
month,月,"A year has twelve months.","1. People"
January,一月,"January is the first month.","1. People"
February,二月,"February has twenty-eight days.","1. People"
March,三月,"March is a windy month.","1. People"
April,四月,"April is the fourth month.","1. People"
May,五月,"May is a beautiful month.","1. People"
June,六月,"June is the start of summer.","7. Food & drink"
July,七月,"July is very hot.","7. Food & drink"
August,八月,"August is a busy month.","7. Food & drink"
September,九月,"September is the ninth month.","7. Food & drink"
October,十月,"October is autumn time.","7. Food & drink"
November,十一月,"November is cool.","7. Food & drink"
December,十二月,"December is Christmas time.","7. Food & drink"
season,季節,"Autumn is my favorite season.","7. Food & drink"
spring,春天,"Flowers bloom in spring.","7. Food & drink"
summer,夏天,"We swim in summer.","7. Food & drink"
fall,秋天,"Leaves fall in autumn.","7. Food & drink"
winter,冬天,"It snows in winter.","7. Food & drink"
clock,鐘,"The clock is ticking.","7. Food & drink"
watch,手錶,"I wear a watch on my wrist.","7. Food & drink"
hour,時,"An hour has sixty minutes.","7. Food & drink"
today,今天,"Today is a beautiful day.","7. Food & drink"
minute,分,"Please wait a minute.","7. Food & drink"
year,年,"Next year I will go to high school.","7. Food & drink"
ago,以前,"Two years ago, I was shorter.","7. Food & drink"
past,過去,"In the past, people used horses.","7. Food & drink"
tomorrow,明天,"I will see you tomorrow.","7. Food & drink"
yesterday,昨天,"It rained yesterday.","7. Food & drink"
future,未來,"I hope to be a doctor in the future.","7. Food & drink"
soon,馬上,"I will come soon.","7. Food & drink"
already,已經,"I have already eaten dinner.","7. Food & drink"
early,早的,"We woke up early today.","7. Food & drink"
next,下一個,"Turn to the next page.","7. Food & drink"
tonight,今晚,"I will do my homework tonight.","7. Food & drink"
once,一次,"I have been there once.","7. Food & drink"
twice,兩次,"I have read this book twice.","7. Food & drink"
drink,飲食,"We drink milk every morning.","7. Food & drink"
fruit,水果,"I eat fruit every day.","7. Food & drink"
apple,蘋果,"I like to eat apples.","7. Food & drink"
banana,香蕉,"She eats a banana for breakfast.","7. Food & drink"
grapes,葡萄,"Grapes are sweet.","7. Food & drink"
guava,芭樂,"Guava is my favorite fruit.","7. Food & drink"
lemon,檸檬,"Lemons are sour.","7. Food & drink"
orange,柳橙,"Oranges are juicy.","7. Food & drink"
papaya,木瓜,"Papaya is good for digestion.","7. Food & drink"
peach,桃子,"Peaches are tasty.","7. Food & drink"
pear,梨子,"This pear is very sweet.","7. Food & drink"
strawberry,草莓,"I love strawberries with cream.","7. Food & drink"
tomato,蕃茄,"Tomatoes are vegetables.","7. Food & drink"
watermelon,西瓜,"Watermelon is great in summer.","7. Food & drink"
vegetable,蔬菜,"We need to eat vegetables.","7. Food & drink"
bean,豆子,"Beans are a good source of protein.","7. Food & drink"
pumpkin,南瓜,"We carved a pumpkin for Halloween.","7. Food & drink"
food,食物,"I love Asian food.","7. Food & drink"
meat,肉類,"He doesn't eat meat.","7. Food & drink"
beef,牛肉,"Beef is expensive.","7. Food & drink"
bread,麵包,"I eat bread for breakfast.","7. Food & drink"
bun,小麵包,"I had a bun for lunch.","7. Food & drink"
chicken,雞肉,"She ordered fried chicken.","7. Food & drink"
dumpling,餃子,"Dumplings are delicious.","7. Food & drink"
egg,雞蛋,"We have eggs for breakfast.","7. Food & drink"
fast,快的,"He is a fast runner.","7. Food & drink"
eat,吃,"We eat together every day.","7. Food & drink"
fish,魚,"Fish is good for your brain.","7. Food & drink"
French fries,薯條,"I like French fries with ketchup.","7. Food & drink"
ham,火腿,"I made a ham sandwich.","7. Food & drink"
hamburger,漢堡,"He wants a hamburger.","7. Food & drink"
hot dog,熱狗,"We ate hot dogs at the game.","7. Food & drink"
noodle,麵條,"I eat noodles with chopsticks.","7. Food & drink"
pizza,披薩,"Pizza is my favorite food.","7. Food & drink"
pork,豬肉,"She doesn't eat pork.","7. Food & drink"
rice,米飯,"I have rice for lunch.","7. Food & drink"
salad,沙拉,"I made a green salad.","7. Food & drink"
sandwich,三明治,"He packed a sandwich for lunch.","7. Food & drink"
soup,湯,"The soup is hot.","7. Food & drink"
steak,牛排,"She ordered a steak for dinner.","7. Food & drink"
snack,點心,"I eat a snack after school.","7. Food & drink"
breakfast,早餐,"Breakfast is the most important meal.","7. Food & drink"
dinner,晚餐,"We have dinner at seven.","7. Food & drink"
lunch,午餐,"She packed her lunch.","7. Food & drink"
meal,餐,"We had a nice meal.","7. Food & drink"
burn,燃燒,"Fire burns wood.","7. Food & drink"
coffee,咖啡,"I drink coffee in the morning.","7. Food & drink"
cola,可樂,"He ordered a cola.","7. Food & drink"
ice,冰,"Please put some ice in my drink.","7. Food & drink"
juice,果汁,"I prefer orange juice.","7. Food & drink"
milk,牛奶,"We drink milk at breakfast.","7. Food & drink"
milkshake,奶昔,"She likes strawberry milkshake.","7. Food & drink"
tea,茶,"I prefer tea over coffee.","7. Food & drink"
water,水,"Please give me a glass of water.","7. Food & drink"
cake,蛋糕,"We bought a cake for her birthday.","7. Food & drink"
candy,糖果,"I like to eat candy.","7. Food & drink"
cheese,起司,"I put cheese on my pizza.","7. Food & drink"
chocolate,巧克力,"Chocolate is my favorite.","7. Food & drink"
cookie,餅乾,"She baked cookies.","7. Food & drink"
ice cream,冰淇淋,"I want ice cream.","7. Food & drink"
moon cake,月餅,"We eat moon cakes for the Moon Festival.","7. Food & drink"
cook,廚師,"My mom is a good cook.","7. Food & drink"
popcorn,爆米花,"We ate popcorn at the movies.","7. Food & drink"
toast,吐司,"I have toast for breakfast.","7. Food & drink"
butter,奶油,"She spread butter on the bread.","7. Food & drink"
oil,油,"We cook with vegetable oil.","7. Food & drink"
salt,鹽,"Please pass me the salt.","7. Food & drink"
sugar,糖,"He takes sugar in his coffee.","7. Food & drink"
hungry,飢餓的,"I am hungry.","7. Food & drink"
full,飽的,"I am full.","7. Food & drink"
thirsty,口渴的,"She feels thirsty.","7. Food & drink"
delicious,美味的,"The food is delicious.","7. Food & drink"
hot,熱的,"The soup is very hot.","7. Food & drink"
sweet,甜的,"This mango is sweet.","7. Food & drink"
yummy,好吃的,"Yummy, I love cake!","7. Food & drink"
bake,烤,"We bake bread in the oven.","7. Food & drink"
boil,煮,"Please boil the water.","7. Food & drink"
order,點菜,"I order a pizza.","7. Food & drink"
menu,菜單,"Let's look at the menu.","7. Food & drink"
coat,外套,"She wears a winter coat.","7. Food & drink"
dress,洋裝,"She bought a new dress.","7. Food & drink"
jacket,夾克,"He put on his jacket.","7. Food & drink"
jeans,牛仔褲,"I wear jeans to school.","7. Food & drink"
pants,長褲,"These pants are too long.","7. Food & drink"
shirt,襯衫,"He wore a white shirt.","7. Food & drink"
wear,穿,"She likes to wear red.","7. Food & drink"
shorts,短褲,"It's hot, so I wear shorts.","7. Food & drink"
skirt,裙子,"The girl wears a skirt.","7. Food & drink"
sweater,毛衣,"I need a sweater in winter.","7. Food & drink"
uniform,制服,"All students wear a uniform.","7. Food & drink"
vest,背心,"He wore a vest over his shirt.","7. Food & drink"
bag,袋子,"She carries a bag to school.","7. Food & drink"
belt,皮帶,"He tightened his belt.","7. Food & drink"
cap,帽子,"He wears a cap to cover his head.","7. Food & drink"
comb,梳子,"She uses a comb for her hair.","7. Food & drink"
glove,手套,"I need gloves in winter.","7. Food & drink"
hat,帽子,"She has a sun hat.","7. Food & drink"
clothes,衣物,"I bought new clothes.","7. Food & drink"
pocket,皮包,"I put my keys in my pocket.","7. Food & drink"
ring,戒指/鈴響,"He gave her a diamond ring.","7. Food & drink"
shoes,鞋子,"These shoes are comfortable.","7. Food & drink"
socks,襪子,"I put on my socks first.","7. Food & drink"
tie,領帶,"He wears a tie at work.","7. Food & drink"
umbrella,雨傘,"Bring an umbrella, it might rain.","7. Food & drink"
badminton,羽球,"We play badminton in the park.","7. Food & drink"
baseball,棒球,"He likes to play baseball.","7. Food & drink"
basketball,籃球,"I play basketball every day.","7. Food & drink"
dodge ball,躲避球,"We play dodge ball in gym class.","7. Food & drink"
frisbee,飛盤,"The dog catches the frisbee.","10. Houses & apartments"
race,比賽,"She won the race.","10. Houses & apartments"
soccer,足球,"He plays soccer on the weekend.","10. Houses & apartments"
tennis,網球,"We play tennis at the park.","10. Houses & apartments"
barbecue,烤肉,"We had a barbecue in the garden.","10. Houses & apartments"
picnic,野餐,"We had a picnic in the park.","10. Houses & apartments"
swim,游泳,"I like to swim in the pool.","10. Houses & apartments"
t rip,旅行,"We are planning a trip.","10. Houses & apartments"
band,樂團,"My brother plays in a band.","10. Houses & apartments"
comic,漫畫,"I like to read comics.","10. Houses & apartments"
computer game doll,洋娃娃,"She plays with her computer game doll.","10. Houses & apartments"
credit card,信用卡電腦遊戲,"He paid with a credit card.","10. Houses & apartments"
game,遊戲,"Let's play a game.","10. Houses & apartments"
kite,風箏,"We fly kites on windy days.","10. Houses & apartments"
movie,電影,"We watch a movie tonight.","10. Houses & apartments"
music,音樂,"I listen to music every day.","10. Houses & apartments"
paint,畫畫,"She likes to paint pictures.","10. Houses & apartments"
piano,鋼琴,"She practices piano every day.","10. Houses & apartments"
song,歌曲,"This is a beautiful song.","10. Houses & apartments"
team,隊伍,"Our team won the game.","10. Houses & apartments"
t oy,玩具,"The child plays with his toy.","10. Houses & apartments"
lose,輸,"They lose the game.","10. Houses & apartments"
play,玩,"The children play outside.","10. Houses & apartments"
win,贏,"We want to win the match.","10. Houses & apartments"
fan,電風扇；粉絲,"She is a big fan of that singer.","10. Houses & apartments"
apartment,公寓,"We live in a small apartment.","10. Houses & apartments"
house,房子,"They bought a new house.","10. Houses & apartments"
home,房子；家,"I feel happy at home.","10. Houses & apartments"
bathroom,浴室,"The bathroom is clean.","10. Houses & apartments"
bedroom,臥房,"My bedroom is comfortable.","10. Houses & apartments"
dining room,餐廳,"We eat in the dining room.","10. Houses & apartments"
garden,花園,"The garden is full of flowers.","10. Houses & apartments"
kitchen,廚房,"She cooks in the kitchen.","10. Houses & apartments"
living room,客廳,"We sit in the living room.","10. Houses & apartments"
room,房間,"This room is big.","10. Houses & apartments"
study,書房,"He studies in his study.","10. Houses & apartments"
yard,庭院,"The dog runs in the yard.","10. Houses & apartments"
balcony,陽台,"I sit on the balcony and read.","10. Houses & apartments"
door,門,"Please close the door.","10. Houses & apartments"
floor,地板,"The floor is wooden.","10. Houses & apartments"
gate,大門,"The gate is locked.","10. Houses & apartments"
stairs,階梯,"He climbed the stairs.","10. Houses & apartments"
wall,牆壁,"The walls are painted white.","10. Houses & apartments"
window,窗戶,"Look out of the window.","10. Houses & apartments"
bath,洗澡,"I have a bath in the evening.","10. Houses & apartments"
bed,床,"I sleep in my bed.","10. Houses & apartments"
bench,長椅,"We sit on the bench in the park.","10. Houses & apartments"
chair,椅子,"Please sit on the chair.","10. Houses & apartments"
couch,沙發,"I relax on the couch.","10. Houses & apartments"
desk,書桌,"I study at my desk.","10. Houses & apartments"
drawer,抽屜,"I put my socks in the drawer.","10. Houses & apartments"
lamp,檯燈,"I turn on the lamp.","10. Houses & apartments"
light,光,"Turn on the light.","10. Houses & apartments"
sofa,沙發,"The sofa is comfortable.","10. Houses & apartments"
table,桌子,"The books are on the table.","10. Houses & apartments"
tub,桶子；木盆,"I fill the tub with water.","10. Houses & apartments"
blanket,毛毯,"I wrap myself in a blanket.","10. Houses & apartments"
towel,毛巾,"She dries her hands with a towel.","10. Houses & apartments"
camera,照相機computer電腦,"I take a picture with my camera.","10. Houses & apartments"
machine,機器,"The machine is broken.","10. Houses & apartments"
radio,收音機,"I listen to the radio.","10. Houses & apartments"
refrigerator,冰箱,"We keep milk in the refrigerator.","10. Houses & apartments"
tape,膠帶,"I use tape to wrap the gift.","10. Houses & apartments"
recorder,錄音機,"She records her voice with a recorder.","10. Houses & apartments"
telephone,電話,"I call you on the telephone.","10. Houses & apartments"
Television (TV),電視,"I watch TV after school.","10. Houses & apartments"
video,錄影機,"We watched a video together.","10. Houses & apartments"
basket,籃子,"I put vegetables in a basket.","10. Houses & apartments"
candle,蠟燭,"She lit a candle.","10. Houses & apartments"
key,鑰匙,"I use a key to open the door.","10. Houses & apartments"
street,街道,"Walk on the street carefully.","10. Houses & apartments"
pot,茶壺,"She pours tea from the pot.","10. Houses & apartments"
building,建築物,"This building is very tall.","10. Houses & apartments"
clean,清理,"We clean the house on Saturday.","10. Houses & apartments"
fix,修理,"Can you fix my bike?","10. Houses & apartments"
wash,洗,"I wash my hands.","10. Houses & apartments"
road,路,"The road is busy.","10. Houses & apartments"
gym,體育館國小國中高中,"We play basketball in the gym.","10. Houses & apartments"
playground,操場,"The children play on the playground.","10. Houses & apartments"
library,圖書館,"I borrow books from the library.","10. Houses & apartments"
class,教室：課,"We have class at nine.","10. Houses & apartments"
seesaw,翹翹板,"The kids play on the seesaw.","10. Houses & apartments"
slide,溜滑梯,"She likes to slide down the slide.","10. Houses & apartments"
blackboard,黑板,"The teacher writes on the blackboard.","10. Houses & apartments"
book,書,"I read a book every night.","10. Houses & apartments"
chalk,粉筆,"The teacher uses chalk.","10. Houses & apartments"
dictionary,字典,"I look up words in the dictionary.","10. Houses & apartments"
envelope,信封,"I put the letter in an envelope.","10. Houses & apartments"
eraser,橡皮擦,"I use an eraser to erase mistakes.","10. Houses & apartments"
glasses,玻璃杯,"She drinks water from a glass.","10. Houses & apartments"
glue,膠水,"I use glue to stick paper.","10. Houses & apartments"
letter,信,"I wrote a letter to my friend.","10. Houses & apartments"
map,地圖,"I look at the map to find the place.","10. Houses & apartments"
marker,馬克筆,"He draws with a marker.","10. Houses & apartments"
notebook,筆記本,"I write notes in my notebook.","10. Houses & apartments"
page,頁數,"Turn to page ten.","10. Houses & apartments"
paper,紙,"I write on paper.","10. Houses & apartments"
pen,筆,"She writes with a pen.","10. Houses & apartments"
pencil box(case) pencil,鉛筆,"I keep my pencils in my pencil box.","10. Houses & apartments"
picture,圖片postcard明信片,"She drew a beautiful picture.","10. Houses & apartments"
present,禮物鉛筆盒,"I bought a present for her.","10. Houses & apartments"
ruler,尺,"I use a ruler to draw a straight line.","10. Houses & apartments"
workbook,作業簿,"I do exercises in my workbook.","10. Houses & apartments"
course,科目,"I take a math course.","10. Houses & apartments"
art,美術,"I like art class.","10. Houses & apartments"
Chinese,中文,"I study Chinese at school.","10. Houses & apartments"
English,英文,"We have English class every day.","10. Houses & apartments"
history,歷史,"I enjoy learning history.","10. Houses & apartments"
language,語言,"English is a useful language.","10. Houses & apartments"
math,數學,"I am good at math.","10. Houses & apartments"
classmate,同學,"My classmate is from Japan.","12. Places & locations"
friend,朋友,"He is my best friend.","12. Places & locations"
student,學生,"The student studies hard.","12. Places & locations"
teacher,老師,"My teacher is kind.","12. Places & locations"
answer,答案,"Please give me the answer.","12. Places & locations"
ask,詢問,"I ask a question.","12. Places & locations"
fail,不及格,"If you don't study, you may fail.","12. Places & locations"
learn,學習,"We learn new words every day.","12. Places & locations"
listen,聽,"Please listen to me.","12. Places & locations"
mark,痕跡；記號,"He made a mark on the paper.","12. Places & locations"
pass,通過,"She passed the exam.","12. Places & locations"
practice,練習,"Practice makes perfect.","12. Places & locations"
prepare,複習,"I prepare for the test.","12. Places & locations"
read,讀書,"I read a book every day.","12. Places & locations"
repeat,重複,"Please repeat after me.","12. Places & locations"
say,說,"I say hello to my friend.","12. Places & locations"
speak,說,"I speak English.","12. Places & locations"
spell,拼,"How do you spell this word?","12. Places & locations"
talk,說話,"We talk about the homework.","12. Places & locations"
teach,敎,"She teaches math.","12. Places & locations"
understand,明白,"I understand the lesson.","12. Places & locations"
write,寫,"I write a letter.","12. Places & locations"
draw,畫,"I draw a picture.","12. Places & locations"
example,例子,"Let me give you an example.","12. Places & locations"
grade,成績練習,"She got a high grade.","12. Places & locations"
homework,回,"I do my homework after school.","12. Places & locations"
knowledge,知識,"Knowledge is power.","12. Places & locations"
lesson,課,"We have a math lesson today.","12. Places & locations"
problem,問題,"I have a problem to solve.","12. Places & locations"
question,問題家功課,"Do you have any questions?","12. Places & locations"
quiz,測驗,"We have a quiz every Friday.","12. Places & locations"
story,故事,"I like to read stories.","12. Places & locations"
test,考試,"I have a test tomorrow.","12. Places & locations"
here,這裡,"I live here.","12. Places & locations"
there,那裡,"The book is over there.","12. Places & locations"
back,後面,"Please move back.","12. Places & locations"
front,前面,"I sit in the front of the class.","12. Places & locations"
left,左邊,"Turn left at the corner.","12. Places & locations"
middle,中間,"I am in the middle of the row.","12. Places & locations"
right,右邊；正確,"Take a right turn.","12. Places & locations"
east,東,"The sun rises in the east.","12. Places & locations"
west,西,"The sun sets in the west.","12. Places & locations"
south,南,"We drive south for vacation.","12. Places & locations"
north,北,"He lives in the north.","12. Places & locations"
top,上面,"There is a bird on the top of the tree.","12. Places & locations"
bakery,麵包店,"I buy bread at the bakery.","12. Places & locations"
bank,銀行,"I go to the bank to deposit money.","12. Places & locations"
beach,海灘,"We swim at the beach.","12. Places & locations"
department store fast food restaurant bookstore,書店,"I bought a book at the bookstore.","12. Places & locations"
church,教堂,"They go to church on Sundays.","12. Places & locations"
factory,工廠百貨公司速食餐廳,"My father works in a factory.","12. Places & locations"
fire station flower shop,花店,"I buy flowers at the flower shop.","12. Places & locations"
hospital,醫院,"She works in a hospital.","12. Places & locations"
hotel,旅館,"We stayed at a hotel.","12. Places & locations"
market,市場消防站,"I buy vegetables at the market.","12. Places & locations"
movie theater,戲,"We watch a movie at the theater.","12. Places & locations"
museum,博物館,"We visit the museum on Sunday.","12. Places & locations"
office,辦公室,"My dad works in an office.","12. Places & locations"
park,公園,"We play in the park.","12. Places & locations"
post office,郵局院,"I mail a letter at the post office.","12. Places & locations"
police station restroom,廁所,"I need to use the restroom.","12. Places & locations"
restaurant,餐廳,"We eat dinner at a restaurant.","12. Places & locations"
shop,商店,"I go to the shop to buy milk.","12. Places & locations"
store,商店警察局,"The store sells clothes.","12. Places & locations"
supermarket temple,寺廟,"We go to the supermarket to buy food.","12. Places & locations"
theater,戲院,"We went to the theater.","12. Places & locations"
zoo,動物園,"We saw lions at the zoo.","12. Places & locations"
city,城市超級市場,"I live in a big city.","12. Places & locations"
country farm,農場,"We visited a farm.","12. Places & locations"
place,地方,"This is a nice place.","12. Places & locations"
town,城鎮國家；鄉下,"We live in a small town.","12. Places & locations"
airplane(plane) bicycle(bike) boat,船,"We took a boat across the river.","12. Places & locations"
bus,巴士,"I take the bus to school.","12. Places & locations"
car,汽車飛機腳踏車,"She drives a car.","12. Places & locations"
motorcycle scooter,摩托車,"He rides a motorcycle.","12. Places & locations"
ship,郵輪,"They traveled by ship.","12. Places & locations"
taxi,計程車,"We took a taxi to the station.","12. Places & locations"
train,火車摩托車,"I go to work by train.","12. Places & locations"
truck,卡車,"The truck carries heavy goods.","12. Places & locations"
airport,機場,"We arrived at the airport.","12. Places & locations"
bus stop,巴士站,"I wait at the bus stop.","12. Places & locations"
station,站,"The train stops at the station.","12. Places & locations"
land,土地,"The farmer works on the land.","12. Places & locations"
block,街區,"I live three blocks away.","12. Places & locations"
bridge,橋,"We walked across the bridge.","12. Places & locations"
MRT,捷運,"I take the MRT to work.","12. Places & locations"
railway,鐵路,"The railway goes through the city.","12. Places & locations"
sidewalk,人行道,"Please walk on the sidewalk.","12. Places & locations"
traffic,交通,"Traffic is heavy in the morning.","12. Places & locations"
arrive,到達,"They arrive at noon.","12. Places & locations"
cross,越過,"I cross the street carefully.","12. Places & locations"
drive,駕駛,"He drives to work.","12. Places & locations"
fly,飛,"Birds fly in the sky.","12. Places & locations"
ride,騎,"She rides a bike.","12. Places & locations"
turn,轉,"Turn left at the next corner.","12. Places & locations"
slow,慢,"The car is slow.","12. Places & locations"
quick,快點,"He is a quick worker.","12. Places & locations"
centimeter,公分,"The pencil is 15 centimeters long.","12. Places & locations"
gram,克,"This apple weighs 200 grams.","12. Places & locations"
inch,英吋,"The screen is 5 inches.","12. Places & locations"
kilogram,公斤,"I weigh 50 kilograms.","12. Places & locations"
mile,哩,"We walked a mile.","12. Places & locations"
pound,磅,"This book weighs 2 pounds.","12. Places & locations"
circle,圓,"Draw a circle on the paper.","12. Places & locations"
dot,小圓點,"Put a dot at the end.","12. Places & locations"
line,線,"Draw a line between the two points.","12. Places & locations"
point,點,"What is your point?","15. Occupations"
size,尺寸,"What size is this shirt?","15. Occupations"
shape,形狀,"The shape is square.","15. Occupations"
square,正方形,"A square has four sides.","15. Occupations"
big,大,"My house is big.","15. Occupations"
far,遠,"The school is far from here.","15. Occupations"
high,高,"The mountain is very high.","15. Occupations"
large,大,"This jacket is too large.","15. Occupations"
little,小,"She has a little dog.","15. Occupations"
long,長,"This river is long.","15. Occupations"
low,低,"The table is low.","15. Occupations"
medium,中間,"I need a medium size.","15. Occupations"
small,小,"This room is small.","15. Occupations"
straight,直,"Go straight ahead.","15. Occupations"
round,圓的,"The ball is round.","15. Occupations"
bottle,瓶子,"I put water in the bottle.","15. Occupations"
cup,杯子,"I drink from a cup.","15. Occupations"
dozen,一打,"I bought a dozen eggs.","15. Occupations"
glass,杯子,"I need a glass of water.","15. Occupations"
pack,包,"He carried a pack on his back.","15. Occupations"
package,包裝,"I received a package today.","15. Occupations"
pair,一雙；一對,"I bought a pair of shoes.","15. Occupations"
piece,片,"She ate a piece of cake.","15. Occupations"
businessman,生,"He is a successful businessman.","15. Occupations"
boss,老闆,"My boss is very strict.","15. Occupations"
doctor,醫生,"I want to be a doctor.","15. Occupations"
driver,司機意人,"The driver takes us to school.","15. Occupations"
farmer,農夫,"The farmer plants crops.","15. Occupations"
fisherman,漁夫,"The fisherman catches fish.","15. Occupations"
nurse,護士,"The nurse takes care of patients.","15. Occupations"
singer,歌手,"The singer has a beautiful voice.","15. Occupations"
waiter,服務生,"The waiter brings our food.","15. Occupations"
worker,工人女服務生,"The worker builds houses.","15. Occupations"
writer,作者,"The writer wrote a novel.","15. Occupations"
business,生意,"He runs a family business.","15. Occupations"
job,工作,"I have a part-time job.","15. Occupations"
work,工作,"My work is interesting.","15. Occupations"
weather,天氣,"The weather is nice today.","15. Occupations"
sunny,晴朗的,"It's sunny today.","15. Occupations"
cloudy,多雲的,"The sky is cloudy.","15. Occupations"
cold,冷的,"I feel cold.","15. Occupations"
dry,乾燥的,"The weather is dry.","15. Occupations"
rainy,下雨的,"It is rainy today.","15. Occupations"
snowy,下雪的,"We had a snowy day.","15. Occupations"
star,星星,"I can see many stars at night.","15. Occupations"
warm,溫暖的,"The water is warm.","15. Occupations"
wet,溼的,"My clothes are wet.","15. Occupations"
windy,大風的,"It is windy today.","15. Occupations"
rainbow,彩虹,"A rainbow appeared after the rain.","15. Occupations"
snow,雪,"We played in the snow.","15. Occupations"
snowman,雪人,"We made a snowman.","15. Occupations"
typhoon,颱風,"The typhoon is coming.","15. Occupations"
wind,風,"The wind blows strongly.","15. Occupations"
blow,吹,"The wind blows the leaves.","15. Occupations"
rain,下雨,"It started to rain.","15. Occupations"
sky,天空,"Birds fly in the sky.","15. Occupations"
sun,太陽,"The sun is bright today.","15. Occupations"
air,空氣,"We need clean air.","15. Occupations"
earth,地球,"We live on Earth.","15. Occupations"
moon,月亮,"The moon is full tonight.","15. Occupations"
animal,動物,"I love animals.","15. Occupations"
bear,熊,"The bear is big.","15. Occupations"
cat,貓,"My cat is cute.","15. Occupations"
cow,牛,"Cows give milk.","15. Occupations"
dog,狗,"I have a dog.","15. Occupations"
duck,鴨子,"The duck swims in the pond.","15. Occupations"
elephant,大象,"The elephant is huge.","15. Occupations"
fox,狐狸,"The fox is sneaky.","15. Occupations"
frog,青蛙,"I saw a frog in the pond.","15. Occupations"
goat,山羊,"The goat eats grass.","15. Occupations"
goose,鵝,"The goose is white.","15. Occupations"
hen,母雞,"The hen lays eggs.","15. Occupations"
hippo,河馬,"Hippos like water.","15. Occupations"
horse,馬,"She rides a horse.","15. Occupations"
kangaroo,袋鼠,"Kangaroos jump.","15. Occupations"
koala,無尾熊,"Koalas sleep in trees.","15. Occupations"
lion,獅子,"The lion is the king of beasts.","15. Occupations"
monkey,猴子,"The monkey climbs the tree.","15. Occupations"
mouse,老鼠,"I see a mouse in the house.","15. Occupations"
pet,寵物,"She has a pet cat.","15. Occupations"
pig,豬,"The pig is pink.","15. Occupations"
puppy,小狗,"Our puppy is playful.","15. Occupations"
rabbit,兔子,"The rabbit has long ears.","15. Occupations"
rat,大老鼠,"Rats are rodents.","15. Occupations"
sheep,綿羊,"Sheep have wool.","15. Occupations"
tiger,老虎,"The tiger is dangerous.","15. Occupations"
turkey,火雞,"We ate turkey on Thanksgiving.","15. Occupations"
zebra,斑馬,"The zebra has stripes.","15. Occupations"
insect,昆蟲,"I study insects in biology.","15. Occupations"
ant,螞蟻,"The ant carries food.","15. Occupations"
bat,蝙蝠,"Bats fly at night.","15. Occupations"
bee,蜜蜂,"Bees make honey.","15. Occupations"
bird,鳥,"The bird sings.","15. Occupations"
bug,蟲,"The bug is crawling.","15. Occupations"
butterfly,蝴蝶,"Butterflies are beautiful.","15. Occupations"
dragon,龍,"The dragon is a myth.","15. Occupations"
snake,蛇,"Snakes are reptiles.","15. Occupations"
spider,蜘蛛,"The spider makes a web.","15. Occupations"
shark,鯊魚,"Sharks live in the ocean.","15. Occupations"
turtle,烏龜,"The turtle is slow.","15. Occupations"
be,動詞，助動詞,"I want to be a teacher.","15. Occupations"
may (might) must,必須,"You may go now.","19. Prepositions"
shall,應該,"I shall help you.","19. Prepositions"
should,應該可能,"You should do your homework.","19. Prepositions"
about,大約,"I have about ten dollars.","19. Prepositions"
above,在…之上,"Look above the sky.","19. Prepositions"
after,在,"We eat after school.","19. Prepositions"
along,沿著,"We walk along the river.","19. Prepositions"
around,附近,"I will be around here.","19. Prepositions"
beside,在…旁邊,"I sit beside my friend.","19. Prepositions"
at,在,"I am at home.","19. Prepositions"
before,在…之前,"We arrive before noon.","19. Prepositions"
behind,在…之後,"He is behind the door.","19. Prepositions"
below,在,"The cat is below the table.","19. Prepositions"
by,靠；被,"I go to school by bus.","19. Prepositions"
down,下,"She fell down the stairs.","19. Prepositions"
during,在..期間,"I read a book during the break.","19. Prepositions"
under,在…之下,"The pen is under the desk.","19. Prepositions"
behind in front of until,直到,"I will wait until you come.","19. Prepositions"
from,從,"I am from Taiwan.","19. Prepositions"
in,在…裡面在…後面在…前面,"The book is in the bag.","19. Prepositions"
inside,在…裡面,"I am inside the house.","19. Prepositions"
near,附近,"The station is near the park.","19. Prepositions"
on,在…上面,"The book is on the table.","19. Prepositions"
since,自從,"I have been here since morning.","19. Prepositions"
outside,外面,"I am outside.","19. Prepositions"
over,在,"The plane flew over the city.","19. Prepositions"
next to,在旁邊,"The bank is next to the post office.","19. Prepositions"
than,比,"She is taller than me.","19. Prepositions"
with,跟,"I go with my friend.","19. Prepositions"
without,沒有越過,"I cannot live without water.","19. Prepositions"
comfortable healthy,健康的,"I feel comfortable in this chair.","19. Prepositions"
sick,生病的,"He feels sick.","19. Prepositions"
strong,強壯的,"He is strong.","19. Prepositions"
tired,疲勞的舒服的,"I am tired after work.","19. Prepositions"
weak,無力的；,"I feel weak today.","19. Prepositions"
well,好的,"I hope you get well soon.","19. Prepositions"
headache,頭痛,"I have a headache.","19. Prepositions"
fever,發燒虛弱的,"She has a fever.","19. Prepositions"
sore throat health,健康,"My throat is sore.","19. Prepositions"
life,生命;生活,"Life is beautiful.","19. Prepositions"
medicine,藥喉嚨痛,"Take your medicine.","19. Prepositions"
of Address,稱謂,"What is your address?","19. Prepositions"
Miss,小姐,"Miss Smith is our teacher.","19. Prepositions"
Sir,先生/長官,"Excuse me, sir.","19. Prepositions"
Name,名字,"What is your name?","19. Prepositions"
cent,分,"This costs 50 cents.","19. Prepositions"
change,零錢,"I need change for a dollar.","19. Prepositions"
dollar,元,"I have ten dollars.","19. Prepositions"
money,錢,"Money is important.","19. Prepositions"
price,價錢,"The price is too high.","19. Prepositions"
borrow,借來,"Can I borrow your pen?","19. Prepositions"
buy,買,"I buy a new book.","19. Prepositions"
cost,花費,"The cost is $5.","19. Prepositions"
lend,借出,"Please lend me your pencil.","19. Prepositions"
pay,付錢,"I pay for my meal.","19. Prepositions"
spend,花錢,"I spend too much money.","19. Prepositions"
cheap,便宜的,"This is very cheap.","19. Prepositions"
expensive,貴的,"This is expensive.","19. Prepositions"
bowl,碗,"I eat rice in a bowl.","19. Prepositions"
chopsticks,筷子,"I use chopsticks to eat.","19. Prepositions"
dish,盤子,"I put the food on a dish.","19. Prepositions"
fork,叉子,"I use a fork to eat salad.","19. Prepositions"
knife,刀子,"Use a knife to cut bread.","19. Prepositions"
plate,盤子,"The plate is clean.","19. Prepositions"
spoon,湯匙,"I use a spoon for soup.","19. Prepositions"
straw,吸管,"I drink juice with a straw.","19. Prepositions"
black,黑色,"I like black pants.","19. Prepositions"
blue,藍色,"The sky is blue.","19. Prepositions"
brown,棕色,"The bear is brown.","19. Prepositions"
color,顏色,"What color is your hair?","19. Prepositions"
gray,灰色,"The clouds are gray.","19. Prepositions"
green,綠色,"The grass is green.","19. Prepositions"
pink,粉紅色,"She has a pink dress.","19. Prepositions"
purple,紫色,"I love purple grapes.","19. Prepositions"
red,紅色,"I have a red shirt.","19. Prepositions"
yellow,黃色,"The sun is yellow.","19. Prepositions"
country,國家,"Japan is a beautiful country.","19. Prepositions"
world,世界,"We live in a big world.","19. Prepositions"
America,美國,"I want to visit America.","19. Prepositions"
China,中國,"China is famous for its food.","19. Prepositions"
Taiwan,台灣,"I live in Taiwan.","19. Prepositions"
ROC,中華民國,"ROC stands for Republic of China.","19. Prepositions"
USA,美國,"The USA is a large country.","19. Prepositions"
Taiwanese,台語,"I speak Taiwanese.","19. Prepositions"
Christmas,聖誕節,"We celebrate Christmas in winter.","27. Geographical terms"
Day Easter,復活節萬聖節元旦母親節,"Easter is a spring holiday.","27. Geographical terms"
Day Festival,節慶,"We have a festival at school.","27. Geographical terms"
Holiday,假日,"I enjoy the holiday.","27. Geographical terms"
Vacation,假期,"We are on vacation.","27. Geographical terms"
Celebrate,慶祝父親節,"We celebrate Father's Day.","27. Geographical terms"
hill,山丘,"We climbed a steep hill.","27. Geographical terms"
island,島嶼,"We went to a small island.","27. Geographical terms"
lake,湖,"We swam in the lake.","27. Geographical terms"
mountain,山,"We climbed a mountain.","27. Geographical terms"
pond,池塘,"The pond is full of fish.","27. Geographical terms"
pool,泳池,"We swim in the pool.","27. Geographical terms"
river,河流,"The river flows to the sea.","27. Geographical terms"
sea,海,"We watched the sunset over the sea.","27. Geographical terms"
a,一...,"I have a dog.","27. Geographical terms"
every,每一...,"I get up at 6 every morning.","27. Geographical terms"
the,冠詞,"The book is on the table.","27. Geographical terms"
this,這個,"This is my house.","27. Geographical terms"
that,那個,"That is a beautiful flower.","27. Geographical terms"
these,這些,"These are my friends.","27. Geographical terms"
those,那些,"Those are expensive shoes.","27. Geographical terms"
my,我的,"This is my pen.","27. Geographical terms"
our,我們的,"Our house is big.","27. Geographical terms"
your,你的,"I like your hat.","27. Geographical terms"
his,他的,"His dog is friendly.","27. Geographical terms"
her,她的,"Her book is on the desk.","27. Geographical terms"
its,它的,"The cat is licking its paws.","27. Geographical terms"
their,他們的,"Their house is near the park.","27. Geographical terms"
how,如何,"How are you?","27. Geographical terms"
and,和,"I like apples and oranges.","27. Geographical terms"
as,跟...一樣,"I am as tall as you.","27. Geographical terms"
because,因為,"I stay home because it's raining.","27. Geographical terms"
but,可是,"I like dogs but not cats.","27. Geographical terms"
however,但是,"I want to go; however, I am busy.","27. Geographical terms"
if,如果,"If it rains, we will stay home.","27. Geographical terms"
or,或,"Do you want tea or coffee?","27. Geographical terms"
though,雖然,"Though it was hot, we walked.","27. Geographical terms"
action,動作,"We need to take action.","27. Geographical terms"
age,年紀,"What is your age?","27. Geographical terms"
American,美國,"He is an American.","27. Geographical terms"
trouble,麻煩人(的),"He is in trouble.","27. Geographical terms"
bell,鈴鐺,"The school bell rings.","27. Geographical terms"
birthday,生日,"Today is my birthday.","27. Geographical terms"
bottom,底部,"The pen is at the bottom of the bag.","27. Geographical terms"
cage,籠子,"The bird is in a cage.","27. Geographical terms"
voice,聲音,"She has a sweet voice.","27. Geographical terms"
case,實例,"In that case, I will come.","27. Geographical terms"
castle,城堡,"There is a castle by the river.","27. Geographical terms"
cellphone,手機,"I use a cellphone to call my friend.","27. Geographical terms"
center,中心,"The park is in the center of the city.","27. Geographical terms"
chance,機會,"I have a chance to study abroad.","27. Geographical terms"
excuse,抱歉;,"Please excuse me.","27. Geographical terms"
club,俱樂部,"I joined a chess club.","27. Geographical terms"
corner,角落,"The store is on the corner.","27. Geographical terms"
dream,夢,"I had a dream last night.","27. Geographical terms"
e-mail,電郵借口,"I send an e-mail to my teacher.","27. Geographical terms"
experience,經驗,"I have work experience.","27. Geographical terms"
fact,事實,"That is a fact.","27. Geographical terms"
fire,火,"Don't play with fire.","27. Geographical terms"
foreigner,外國人,"He is a foreigner.","27. Geographical terms"
flower,花,"She picked a flower.","27. Geographical terms"
fun,有趣的,"We had fun at the party.","27. Geographical terms"
garbage,垃圾,"Please throw away the garbage.","27. Geographical terms"
gas,瓦斯,"The car runs on gas.","27. Geographical terms"
ghost,鬼魂,"I am afraid of ghosts.","27. Geographical terms"
gift,禮物,"I received a gift.","27. Geographical terms"
grass,草,"We sat on the grass.","27. Geographical terms"
ground,地面,"The ball hit the ground.","27. Geographical terms"
group,團,"We work in groups.","27. Geographical terms"
habit,習慣,"She has a habit of biting her nails.","27. Geographical terms"
heat,熱氣,"The heat is unbearable.","27. Geographical terms"
honey,蜂蜜,"I like honey on my toast.","27. Geographical terms"
idea,主意,"That's a good idea.","27. Geographical terms"
Internet,網路,"I surf the Internet.","27. Geographical terms"
interview,面試,"I have a job interview.","27. Geographical terms"
joy,喜悅,"She was filled with joy.","27. Geographical terms"
matter,事;東西,"What's the matter?","27. Geographical terms"
leader,領導者,"He is our team leader.","27. Geographical terms"
lid,蓋子,"Put the lid back on.","27. Geographical terms"
mail,郵件,"I received an important mail.","27. Geographical terms"
meeting,會議,"We have a meeting at 2 p.m.","27. Geographical terms"
mind,心靈,"Do you mind if I open the window?","27. Geographical terms"
mistake,錯誤,"I made a mistake.","27. Geographical terms"
mud,泥,"The ground is covered in mud.","27. Geographical terms"
news,新聞,"I watch the news every evening.","27. Geographical terms"
note,筆記;記,"I wrote a note in my notebook.","27. Geographical terms"
newspaper,報紙,"I read a newspaper.","27. Geographical terms"
noise,吵鬧聲,"Please stop the noise.","27. Geographical terms"
party,派對錄,"We had a party for her birthday.","27. Geographical terms"
way,方向;方,"Which way should I go?","27. Geographical terms"
photo,相片,"I take a photo with my camera.","27. Geographical terms"
word,文字,"What's the meaning of this word?","27. Geographical terms"
planet,星球,"Jupiter is a large planet.","27. Geographical terms"
player,球員法,"He is a good player.","27. Geographical terms"
trash,垃圾,"We throw away the trash.","32. Other verbs"
power,力量,"Knowledge is power.","32. Other verbs"
robot,機器人,"The robot can walk.","32. Other verbs"
rock,石頭,"I threw a rock into the lake.","32. Other verbs"
tree,樹,"The tree is tall.","32. Other verbs"
rose,玫瑰,"She gave me a rose.","32. Other verbs"
rule,規則,"We have to follow the rules.","32. Other verbs"
sale,買賣,"The store has a big sale today.","32. Other verbs"
screen,螢幕,"I have a new phone screen.","32. Other verbs"
seat,座位,"Please take a seat.","32. Other verbs"
seed,種子,"I planted a seed in the garden.","32. Other verbs"
sentence,句子,"Write a sentence using this word.","32. Other verbs"
set,設定,"Set the timer for 10 minutes.","32. Other verbs"
side,邊,"Which side do you want?","32. Other verbs"
space,空間;太空,"There is no space for more chairs.","32. Other verbs"
sight,視線,"He lost his sight.","32. Other verbs"
smile,微笑,"She has a nice smile.","32. Other verbs"
subject,科目,"Math is my favorite subject.","32. Other verbs"
swing,盪,"The swing goes back and forth.","32. Other verbs"
thing,東西,"What is that thing?","32. Other verbs"
ticket,票,"I bought a ticket for the concert.","32. Other verbs"
tool,工具,"A hammer is a useful tool.","32. Other verbs"
feel,感覺,"I feel happy today.","32. Other verbs"
hear,聽,"Can you hear the music?","32. Other verbs"
look,看,"Look at the bird.","32. Other verbs"
see,看,"I can see the moon.","32. Other verbs"
smell,聞,"I can smell the flowers.","32. Other verbs"
sound,聲音,"That sounds great.","32. Other verbs"
taste,品嘗,"This soup tastes good.","32. Other verbs"
check,確認,"Please check your answers.","32. Other verbs"
end,結束,"The movie ends at nine.","32. Other verbs"
finish,完成,"I finish my homework.","32. Other verbs"
believe,相信,"I believe you.","32. Other verbs"
forget,忘記,"Don't forget to bring your book.","32. Other verbs"
guess,猜,"Can you guess the answer?","32. Other verbs"
hate,恨,"I hate spiders.","32. Other verbs"
hope,希望,"I hope you come.","32. Other verbs"
know,知道,"I know the answer.","32. Other verbs"
like,喜歡,"I like chocolate.","32. Other verbs"
love,愛,"I love my family.","32. Other verbs"
need,需要,"I need some water.","32. Other verbs"
notice,注意,"Did you notice the changes?","32. Other verbs"
remember,記得,"I remember your name.","32. Other verbs"
surprise,驚喜,"What a nice surprise!","32. Other verbs"
think,想,"I think it's a good idea.","32. Other verbs"
want,想要,"I want to go home.","32. Other verbs"
wish,希望,"I wish I could fly.","32. Other verbs"
worry,煩惱,"Don't worry about it.","32. Other verbs"
act,演,"He acts well in the play.","32. Other verbs"
visit,訪視,"I visit my grandmother every Sunday.","32. Other verbs"
break,打破,"I break my pencil.","32. Other verbs"
bring,帶來,"Bring your umbrella.","32. Other verbs"
brush,刷,"I brush my hair.","32. Other verbs"
cheat,作弊;欺騙,"Don't cheat in the exam.","32. Other verbs"
carry,攜帶,"I carry my bag.","32. Other verbs"
catch,接,"Catch the ball!","32. Other verbs"
choose,選擇,"Choose a color.","32. Other verbs"
clap,拍手,"We clap our hands.","32. Other verbs"
close,關,"Please close the window.","32. Other verbs"
come,來,"Come here.","32. Other verbs"
collect,收集,"I collect stamps.","32. Other verbs"
correct,正確,"Your answer is correct.","32. Other verbs"
copy,拷貝,"Please copy this sentence.","32. Other verbs"
count,算,"I count from one to ten.","32. Other verbs"
cover,蓋,"Cover the pot with a lid.","32. Other verbs"
cry,哭,"She cries when sad.","32. Other verbs"
cut,切,"I cut the cake.","32. Other verbs"
dig,挖,"I dig a hole.","32. Other verbs"
hide,躲,"The cat hides under the bed.","32. Other verbs"
enter,進入,"Please enter the room.","32. Other verbs"
feed,餵,"I feed the dog.","32. Other verbs"
fight,打鬥,"We should not fight.","32. Other verbs"
follow,跟,"Follow me.","32. Other verbs"
wait,等,"Please wait for me.","32. Other verbs"
go,去,"Let's go.","32. Other verbs"
try,試,"I try my best.","32. Other verbs"
help,幫,"Please help me.","32. Other verbs"
hit,打,"Don't hit your brother.","32. Other verbs"
hold,拿,"I hold my bag.","32. Other verbs"
hop,跳,"The frog hops.","32. Other verbs"
hunt,打獵,"Hunt for the treasure.","32. Other verbs"
hurry,催促,"Hurry up!","32. Other verbs"
jump,跳,"I jump high.","32. Other verbs"
kick,踢,"I kick the ball.","32. Other verbs"
knock,敲,"I knock on the door.","32. Other verbs"
kill,殺,"Killing animals is wrong.","32. Other verbs"
kiss,親,"She kisses her baby.","32. Other verbs"
laugh,笑,"We laugh at the joke.","32. Other verbs"
leave,離開,"I leave at 8 o'clock.","32. Other verbs"
list,列清單,"I make a list.","32. Other verbs"
make,做,"I make a cake.","32. Other verbs"
move,移動;搬家,"We move to a new house.","32. Other verbs"
meet,相遇,"Let's meet at the station.","32. Other verbs"
nod,點頭,"She nods her head.","32. Other verbs"
open,開,"I open the door.","32. Other verbs"
paste,黏,"I paste the picture.","32. Other verbs"
pick,撿,"Pick up your toys.","32. Other verbs"
plant,植物,"I plant flowers.","32. Other verbs"
pull,拉,"Pull the rope.","32. Other verbs"
push,推,"Push the button.","32. Other verbs"
put,放,"Put the book on the shelf.","32. Other verbs"
rise,升起,"The sun rises in the east.","32. Other verbs"
roll,滾,"The ball rolls away.","32. Other verbs"
run,跑,"I run every morning.","32. Other verbs"
rest,休息,"I need to rest.","32. Other verbs"
shout,大叫,"He shouts loudly.","32. Other verbs"
smoke,煙,"I see smoke.","32. Other verbs"
sign,簽,"Please sign here.","32. Other verbs"
stand,站,"Stand up.","32. Other verbs"
take,拿,"I take my book.","32. Other verbs"
tell,說,"I tell a story.","32. Other verbs"
throw,丟,"I throw the ball.","32. Other verbs"
touch,摸,"Don't touch the paint.","32. Other verbs"
type,打字,"I type my report.","32. Other verbs"
use,使用,"I use a computer.","32. Other verbs"
walk,走路,"I walk to school.","32. Other verbs"
wave,揮舞,"She waves her hand.","32. Other verbs"
mop,抹,"I mop the floor.","32. Other verbs"
agree,同意,"I agree with you.","32. Other verbs"
appear,出現,"Stars appear at night.","32. Other verbs"
welcome,歡迎,"Welcome to my home.","32. Other verbs"
become,成為,"I want to become a doctor.","32. Other verbs"
begin,開始,"The movie begins at 7.","32. Other verbs"
belong,屬於,"This book belongs to me.","32. Other verbs"
call,打電話;叫,"I call my mom.","32. Other verbs"
care,關心,"I care about the environment.","32. Other verbs"
date,給日期,"We date our letters.","32. Other verbs"
deal,交易,"We make a deal.","32. Other verbs"
decide,決定,"I decide to go.","32. Other verbs"
die,死,"Plants die without water.","32. Other verbs"
enjoy,享受,"I enjoy reading.","32. Other verbs"
fill,填滿,"I fill the glass with water.","32. Other verbs"
find,找,"I find my keys.","32. Other verbs"
get,得到,"I get a new book.","32. Other verbs"
give,給,"I give you a gift.","32. Other verbs"
happen,發生,"What will happen next?","32. Other verbs"
wake,叫醒,"I wake up at 7.","32. Other verbs"
hurt,傷害,"I hurt my leg.","32. Other verbs"
invite,邀請,"I invite you to my party.","32. Other verbs"
join,參加,"I join the club.","32. Other verbs"
keep,保留,"I keep my room clean.","32. Other verbs"
lead,領導,"He leads the team.","32. Other verbs"
let,讓,"Let me help you.","32. Other verbs"
lie,騙,"Don't lie to me.","32. Other verbs"
mean,意指,"What does this word mean?","32. Other verbs"
plan,計畫,"We plan a trip.","32. Other verbs"
please,請;拜託,"Please sit down.","32. Other verbs"
pray,祈禱,"I pray every night.","32. Other verbs"
thank,謝謝,"Thank you for your help.","32. Other verbs"
save,記錄;救,"Save your work.","32. Other verbs"
sell,賣,"I sell my old books.","32. Other verbs"
send,寄,"I send a letter.","32. Other verbs"
share,分享,"I share my lunch.","32. Other verbs"
show,展示,"Show me your drawing.","32. Other verbs"
sit,坐,"I sit on the chair.","33. Other adjectives"
sleep,睡,"I sleep at night.","33. Other adjectives"
start,開始,"We start class at 8.","33. Other adjectives"
stay,留下,"I stay at home.","33. Other adjectives"
stop,停止,"The rain stops.","33. Other adjectives"
common,共同的;,"This is a common mistake.","33. Other adjectives"
convenient able,可以,"It is convenient to live near the station.","33. Other adjectives"
afraid,害怕,"I am afraid of spiders.","33. Other adjectives"
bright,亮的平常的方便的,"The room is bright.","33. Other adjectives"
dangerous,危險,"Driving fast is dangerous.","33. Other adjectives"
dark,暗的,"It is dark outside.","33. Other adjectives"
dead,死的,"The flower is dead.","33. Other adjectives"
dear,親愛的的,"My dear friend.","33. Other adjectives"
different,不同的,"I have a different idea.","33. Other adjectives"
difficult,難的,"This test is difficult.","33. Other adjectives"
dirty,髒的,"My shirt is dirty.","33. Other adjectives"
easy,簡單的,"This exercise is easy.","33. Other adjectives"
else,其他,"Do you want anything else?","33. Other adjectives"
excellent,太棒的,"Excellent work!","33. Other adjectives"
favorite,最喜歡,"My favorite color is blue.","33. Other adjectives"
enough,夠的,"I have enough money.","33. Other adjectives"
fine,好的,"I am fine, thank you.","33. Other adjectives"
foreign,外來的的,"I like foreign movies.","33. Other adjectives"
free,免費的;空,"The ticket is free.","33. Other adjectives"
hard,硬的;難的,"The exam is hard.","33. Other adjectives"
fresh,新鮮的,"I buy fresh vegetables.","33. Other adjectives"
glad,快樂的,"I am glad to meet you.","33. Other adjectives"
great,好的閒的,"That's great!","33. Other adjectives"
helpful important interesting loud,大聲的,"The music is too loud.","33. Other adjectives"
lucky,幸運的有幫助的重要的有趣的,"You are lucky!","33. Other adjectives"
magic,魔術,"The magic trick was amazing.","33. Other adjectives"
modern,摩登的,"This building is modern.","33. Other adjectives"
national,國家的,"We celebrate our national day.","33. Other adjectives"
new,新的,"I have a new phone.","33. Other adjectives"
only,只有,"I am the only one here.","33. Other adjectives"
popular possible other,其他的,"This restaurant is very popular.","33. Other adjectives"
own,自己,"I have my own room.","33. Other adjectives"
public,公開的,"This is a public park.","33. Other adjectives"
quiet,安靜的,"Please be quiet.","33. Other adjectives"
ready,準備好的,"We are ready to go.","33. Other adjectives"
real,真的,"Is that real gold?","33. Other adjectives"
safe,安全的,"This place is safe.","33. Other adjectives"
same,一樣的,"We have the same book.","33. Other adjectives"
scared,驚嚇的,"I am scared of the dark.","33. Other adjectives"
serious,認真的,"He is very serious.","33. Other adjectives"
wrong,錯誤的,"That answer is wrong.","33. Other adjectives"
simple,簡易的,"This is a simple problem.","33. Other adjectives"
sorry,對不起,"I am sorry.","33. Other adjectives"
special,特別的,"Today is a special day.","33. Other adjectives"
strange,奇怪的,"I heard a strange sound.","33. Other adjectives"
sure,確定的,"I am sure about it.","33. Other adjectives"
surprised,驚喜,"I am surprised to see you.","33. Other adjectives"
terrible,恐怖的,"The food tasted terrible.","33. Other adjectives"
true,真的,"It is true.","33. Other adjectives"
wonderful,好的,"We have a wonderful time.","33. Other adjectives"
useful,有用的,"This tool is useful.","33. Other adjectives"
always,總是,"I always get up early.","33. Other adjectives"
ever,曾經,"Have you ever been to Japan?","33. Other adjectives"
never,從不,"I never tell lies.","33. Other adjectives"
often,時常,"I often read books.","33. Other adjectives"
seldom,很少,"I seldom eat fast food.","33. Other adjectives"
sometimes,有時,"Sometimes I go to the park.","33. Other adjectives"
usually,通常,"I usually have breakfast at 7.","33. Other adjectives"
again,再次,"I will try again.","33. Other adjectives"
also,也,"I also like pizza.","33. Other adjectives"
away,離開,"Please go away.","33. Other adjectives"
too,也;太,"I want to go too.","33. Other adjectives"
almost,幾乎,"It is almost time to go.","33. Other adjectives"
even,甚至,"He even helped me.","33. Other adjectives"
finally,最後,"Finally, I finished my homework.","33. Other adjectives"
least,最少,"She has the least money.","33. Other adjectives"
maybe,可能,"Maybe it will rain.","33. Other adjectives"
perhaps,大概,"Perhaps we can go later.","33. Other adjectives"
really,真的,"I really like this song.","33. Other adjectives"
so,所以,"It rained, so we stayed home.","33. Other adjectives"
still,仍然,"I am still sleepy.","33. Other adjectives"
then,然後,"Then we went home.","33. Other adjectives"
together,一起,"We play together.","33. Other adjectives"
very,非常,"I am very happy.","33. Other adjectives"
quite,相當,"It is quite hot today.","33. Other adjectives"
yet,還沒,"I haven't finished yet.","33. Other adjectives"
somewhere,某地,"I want to go somewhere warm.","33. Other adjectives"
either,也不,"I don't like it either.","33. Other adjectives"
yes(yeah),是,"Yes, I agree.","33. Other adjectives"
