word,meaning,sentence,sentence_meaning,category
baby,嬰兒,The word 'baby' means 嬰兒 in Chinese.,單字 'baby' 在中文裡的意思是嬰兒。,1. People
boy,男孩,The word 'boy' means 男孩 in Chinese.,單字 'boy' 在中文裡的意思是男孩。,1. People
child,小孩,The word 'child' means 小孩 in Chinese.,單字 'child' 在中文裡的意思是小孩。,1. People
girl,女孩,The word 'girl' means 女孩 in Chinese.,單字 'girl' 在中文裡的意思是女孩。,1. People
neighbor,鄰居,The word 'neighbor' means 鄰居 in Chinese.,單字 'neighbor' 在中文裡的意思是鄰居。,1. People
stranger,陌生人,The word 'stranger' means 陌生人 in Chinese.,單字 'stranger' 在中文裡的意思是陌生人。,1. People
kid,小孩,The word 'kid' means 小孩 in Chinese.,單字 'kid' 在中文裡的意思是小孩。,1. People
king,國王,The word 'king' means 國王 in Chinese.,單字 'king' 在中文裡的意思是國王。,1. People
man,男人，人,The word 'man' means 男人，人 in Chinese.,單字 'man' 在中文裡的意思是男人，人。,1. People
woman,女人,The word 'woman' means 女人 in Chinese.,單字 'woman' 在中文裡的意思是女人。,1. People
people,人們,The word 'people' means 人們 in Chinese.,單字 'people' 在中文裡的意思是人們。,1. People
person,人,The word 'person' means 人 in Chinese.,單字 'person' 在中文裡的意思是人。,1. People
prince,王子,The word 'prince' means 王子 in Chinese.,單字 'prince' 在中文裡的意思是王子。,1. People
queen,皇后,The word 'queen' means 皇后 in Chinese.,單字 'queen' 在中文裡的意思是皇后。,1. People
teenager,青少年,The word 'teenager' means 青少年 in Chinese.,單字 'teenager' 在中文裡的意思是青少年。,1. People
characteristics,個性特徵,The word 'characteristics' means 個性特徵 in Chinese.,單字 'characteristics' 在中文裡的意思是個性特徵。,1. People
beautiful,美的,The word 'beautiful' means 美的 in Chinese.,單字 'beautiful' 在中文裡的意思是美的。,1. People
blind,瞎眼的,The word 'blind' means 瞎眼的 in Chinese.,單字 'blind' 在中文裡的意思是瞎眼的。,1. People
cute,可愛的,The word 'cute' means 可愛的 in Chinese.,單字 'cute' 在中文裡的意思是可愛的。,1. People
fat,胖的,The word 'fat' means 胖的 in Chinese.,單字 'fat' 在中文裡的意思是胖的。,1. People
shy,害羞的,The word 'shy' means 害羞的 in Chinese.,單字 'shy' 在中文裡的意思是害羞的。,1. People
heavy,重的,The word 'heavy' means 重的 in Chinese.,單字 'heavy' 在中文裡的意思是重的。,1. People
old,老的,The house is very old.,這間房子非常老的。,1. People
pretty,美麗的,The word 'pretty' means 美麗的 in Chinese.,單字 'pretty' 在中文裡的意思是美麗的。,1. People
short,矮；短的,The house is very short.,這間房子非常矮；短的。,1. People
smart,聰明的,The word 'smart' means 聰明的 in Chinese.,單字 'smart' 在中文裡的意思是聰明的。,1. People
tall,高的,The house is very tall.,這間房子非常高的。,1. People
thin,瘦的,The word 'thin' means 瘦的 in Chinese.,單字 'thin' 在中文裡的意思是瘦的。,1. People
young,年輕的,The word 'young' means 年輕的 in Chinese.,單字 'young' 在中文裡的意思是年輕的。,1. People
angry,生氣的,The word 'angry' means 生氣的 in Chinese.,單字 'angry' 在中文裡的意思是生氣的。,1. People
bad,不好的,The word 'bad' means 不好的 in Chinese.,單字 'bad' 在中文裡的意思是不好的。,1. People
bored,感到無聊,The word 'bored' means 感到無聊 in Chinese.,單字 'bored' 在中文裡的意思是感到無聊。,1. People
boring,無聊的,The word 'boring' means 無聊的 in Chinese.,單字 'boring' 在中文裡的意思是無聊的。,1. People
busy,忙的,I feel busy today.,我今天感到忙的。,1. People
careful,小心的,The word 'careful' means 小心的 in Chinese.,單字 'careful' 在中文裡的意思是小心的。,1. People
cool,"涼爽的,酷的","The word 'cool' means 涼爽的,酷的 in Chinese.","單字 'cool' 在中文裡的意思是涼爽的,酷的。",1. People
crazy,瘋狂的,The word 'crazy' means 瘋狂的 in Chinese.,單字 'crazy' 在中文裡的意思是瘋狂的。,1. People
excited,感到興奮,The word 'excited' means 感到興奮 in Chinese.,單字 'excited' 在中文裡的意思是感到興奮。,1. People
exciting,興奮的,The word 'exciting' means 興奮的 in Chinese.,單字 'exciting' 在中文裡的意思是興奮的。,1. People
famous,有名的,The word 'famous' means 有名的 in Chinese.,單字 'famous' 在中文裡的意思是有名的。,1. People
friendly,友善的,The word 'friendly' means 友善的 in Chinese.,單字 'friendly' 在中文裡的意思是友善的。,1. People
funny,好笑的,The word 'funny' means 好笑的 in Chinese.,單字 'funny' 在中文裡的意思是好笑的。,1. People
sad,難過的,I feel sad today.,我今天感到難過的。,1. People
happy,快樂的,I feel happy today.,我今天感到快樂的。,1. People
hard-working,勤奮的,The word 'hard-working' means 勤奮的 in Chinese.,單字 'hard-working' 在中文裡的意思是勤奮的。,1. People
honest,誠實的,The word 'honest' means 誠實的 in Chinese.,單字 'honest' 在中文裡的意思是誠實的。,1. People
lovely,可愛的,The word 'lovely' means 可愛的 in Chinese.,單字 'lovely' 在中文裡的意思是可愛的。,1. People
kind,仁慈的,The word 'kind' means 仁慈的 in Chinese.,單字 'kind' 在中文裡的意思是仁慈的。,1. People
lazy,懶惰的,The word 'lazy' means 懶惰的 in Chinese.,單字 'lazy' 在中文裡的意思是懶惰的。,1. People
lonely,孤單的,The word 'lonely' means 孤單的 in Chinese.,單字 'lonely' 在中文裡的意思是孤單的。,1. People
interested,有趣的,The word 'interested' means 有趣的 in Chinese.,單字 'interested' 在中文裡的意思是有趣的。,1. People
rich,富有的,The word 'rich' means 富有的 in Chinese.,單字 'rich' 在中文裡的意思是富有的。,1. People
nice,好的,The word 'nice' means 好的 in Chinese.,單字 'nice' 在中文裡的意思是好的。,1. People
polite,有禮貌的,The word 'polite' means 有禮貌的 in Chinese.,單字 'polite' 在中文裡的意思是有禮貌的。,1. People
poor,窮的,The word 'poor' means 窮的 in Chinese.,單字 'poor' 在中文裡的意思是窮的。,1. People
successful,成功的,The word 'successful' means 成功的 in Chinese.,單字 'successful' 在中文裡的意思是成功的。,1. People
of body,身體,The word 'of body' means 身體 in Chinese.,單字 'of body' 在中文裡的意思是身體。,1. People
ear,耳朵,The word 'ear' means 耳朵 in Chinese.,單字 'ear' 在中文裡的意思是耳朵。,1. People
eye,眼睛,The word 'eye' means 眼睛 in Chinese.,單字 'eye' 在中文裡的意思是眼睛。,1. People
face,臉,The word 'face' means 臉 in Chinese.,單字 'face' 在中文裡的意思是臉。,1. People
hair,頭髮,The word 'hair' means 頭髮 in Chinese.,單字 'hair' 在中文裡的意思是頭髮。,1. People
lip,嘴唇,The word 'lip' means 嘴唇 in Chinese.,單字 'lip' 在中文裡的意思是嘴唇。,1. People
mouth,嘴吧,The word 'mouth' means 嘴吧 in Chinese.,單字 'mouth' 在中文裡的意思是嘴吧。,1. People
nose,鼻子,The word 'nose' means 鼻子 in Chinese.,單字 'nose' 在中文裡的意思是鼻子。,1. People
tooth,牙齒,The word 'tooth' means 牙齒 in Chinese.,單字 'tooth' 在中文裡的意思是牙齒。,1. People
arm,手臂,The word 'arm' means 手臂 in Chinese.,單字 'arm' 在中文裡的意思是手臂。,1. People
leg,腿,The word 'leg' means 腿 in Chinese.,單字 'leg' 在中文裡的意思是腿。,1. People
body,身體,The word 'body' means 身體 in Chinese.,單字 'body' 在中文裡的意思是身體。,1. People
finger,手指,The word 'finger' means 手指 in Chinese.,單字 'finger' 在中文裡的意思是手指。,1. People
foot,腳,The word 'foot' means 腳 in Chinese.,單字 'foot' 在中文裡的意思是腳。,1. People
hand,手,The word 'hand' means 手 in Chinese.,單字 'hand' 在中文裡的意思是手。,1. People
head,頭,The word 'head' means 頭 in Chinese.,單字 'head' 在中文裡的意思是頭。,1. People
throat,喉嚨,The word 'throat' means 喉嚨 in Chinese.,單字 'throat' 在中文裡的意思是喉嚨。,1. People
heart,心,The word 'heart' means 心 in Chinese.,單字 'heart' 在中文裡的意思是心。,1. People
stomach,胃,The word 'stomach' means 胃 in Chinese.,單字 'stomach' 在中文裡的意思是胃。,1. People
neck,脖子,The word 'neck' means 脖子 in Chinese.,單字 'neck' 在中文裡的意思是脖子。,1. People
shoulder,肩膀,The word 'shoulder' means 肩膀 in Chinese.,單字 'shoulder' 在中文裡的意思是肩膀。,1. People
aunt,阿姨,The word 'aunt' means 阿姨 in Chinese.,單字 'aunt' 在中文裡的意思是阿姨。,1. People
brother,兄弟,The word 'brother' means 兄弟 in Chinese.,單字 'brother' 在中文裡的意思是兄弟。,1. People
cousin,表哥弟妹,The word 'cousin' means 表哥弟妹 in Chinese.,單字 'cousin' 在中文裡的意思是表哥弟妹。,1. People
daughter,女兒,The word 'daughter' means 女兒 in Chinese.,單字 'daughter' 在中文裡的意思是女兒。,1. People
family,"家庭,家人","The word 'family' means 家庭,家人 in Chinese.","單字 'family' 在中文裡的意思是家庭,家人。",1. People
grandfather,爺爺,The word 'grandfather' means 爺爺 in Chinese.,單字 'grandfather' 在中文裡的意思是爺爺。,1. People
grandmother,奶奶,The word 'grandmother' means 奶奶 in Chinese.,單字 'grandmother' 在中文裡的意思是奶奶。,1. People
husband,丈夫,The word 'husband' means 丈夫 in Chinese.,單字 'husband' 在中文裡的意思是丈夫。,1. People
mother(mom),媽媽,The word 'mother(mom)' means 媽媽 in Chinese.,單字 'mother(mom)' 在中文裡的意思是媽媽。,1. People
father(dad),爸爸,The word 'father(dad)' means 爸爸 in Chinese.,單字 'father(dad)' 在中文裡的意思是爸爸。,1. People
parents,雙親,The word 'parents' means 雙親 in Chinese.,單字 'parents' 在中文裡的意思是雙親。,1. People
sister,妹妹,The word 'sister' means 妹妹 in Chinese.,單字 'sister' 在中文裡的意思是妹妹。,1. People
married,已婚,The word 'married' means 已婚 in Chinese.,單字 'married' 在中文裡的意思是已婚。,1. People
uncle,叔叔,The word 'uncle' means 叔叔 in Chinese.,單字 'uncle' 在中文裡的意思是叔叔。,1. People
grow,長大,The word 'grow' means 長大 in Chinese.,單字 'grow' 在中文裡的意思是長大。,1. People
hundred,百,The word 'hundred' means 百 in Chinese.,單字 'hundred' 在中文裡的意思是百。,1. People
thousand,千,The word 'thousand' means 千 in Chinese.,單字 'thousand' 在中文裡的意思是千。,1. People
many much,很多,The word 'many much' means 很多 in Chinese.,單字 'many much' 在中文裡的意思是很多。,1. People
some,一些,The word 'some' means 一些 in Chinese.,單字 'some' 在中文裡的意思是一些。,1. People
several,幾個,The word 'several' means 幾個 in Chinese.,單字 'several' 在中文裡的意思是幾個。,1. People
all,全部,The word 'all' means 全部 in Chinese.,單字 'all' 在中文裡的意思是全部。,1. People
first,第一,The word 'first' means 第一 in Chinese.,單字 'first' 在中文裡的意思是第一。,1. People
second,第二,The word 'second' means 第二 in Chinese.,單字 'second' 在中文裡的意思是第二。,1. People
third,第三,The word 'third' means 第三 in Chinese.,單字 'third' 在中文裡的意思是第三。,1. People
last,最後,The word 'last' means 最後 in Chinese.,單字 'last' 在中文裡的意思是最後。,1. People
number,數字,The word 'number' means 數字 in Chinese.,單字 'number' 在中文裡的意思是數字。,1. People
a few,一些,The word 'a few' means 一些 in Chinese.,單字 'a few' 在中文裡的意思是一些。,1. People
few,很少,The word 'few' means 很少 in Chinese.,單字 'few' 在中文裡的意思是很少。,1. People
both,兩者都,The word 'both' means 兩者都 in Chinese.,單字 'both' 在中文裡的意思是兩者都。,1. People
morning,早晨,The word 'morning' means 早晨 in Chinese.,單字 'morning' 在中文裡的意思是早晨。,1. People
noon,中午,The word 'noon' means 中午 in Chinese.,單字 'noon' 在中文裡的意思是中午。,1. People
afternoon,下午,The word 'afternoon' means 下午 in Chinese.,單字 'afternoon' 在中文裡的意思是下午。,1. People
evening,傍晚,The word 'evening' means 傍晚 in Chinese.,單字 'evening' 在中文裡的意思是傍晚。,1. People
night,夜晚,The word 'night' means 夜晚 in Chinese.,單字 'night' 在中文裡的意思是夜晚。,1. People
Monday,週一,The word 'monday' means 週一 in Chinese.,單字 'monday' 在中文裡的意思是週一。,1. People
Tuesday,週二,The word 'tuesday' means 週二 in Chinese.,單字 'tuesday' 在中文裡的意思是週二。,1. People
Wednesday,週三,The word 'wednesday' means 週三 in Chinese.,單字 'wednesday' 在中文裡的意思是週三。,1. People
Thursday,週四,The word 'thursday' means 週四 in Chinese.,單字 'thursday' 在中文裡的意思是週四。,1. People
Friday,週五,The word 'friday' means 週五 in Chinese.,單字 'friday' 在中文裡的意思是週五。,1. People
Saturday,週六,The word 'saturday' means 週六 in Chinese.,單字 'saturday' 在中文裡的意思是週六。,1. People
Sunday,星期天,The word 'sunday' means 星期天 in Chinese.,單字 'sunday' 在中文裡的意思是星期天。,1. People
week,週,The word 'week' means 週 in Chinese.,單字 'week' 在中文裡的意思是週。,1. People
weekend,週末,The word 'weekend' means 週末 in Chinese.,單字 'weekend' 在中文裡的意思是週末。,1. People
month,月,The word 'month' means 月 in Chinese.,單字 'month' 在中文裡的意思是月。,1. People
January,一月,The word 'january' means 一月 in Chinese.,單字 'january' 在中文裡的意思是一月。,1. People
February,二月,The word 'february' means 二月 in Chinese.,單字 'february' 在中文裡的意思是二月。,1. People
March,三月,The word 'march' means 三月 in Chinese.,單字 'march' 在中文裡的意思是三月。,1. People
April,四月,The word 'april' means 四月 in Chinese.,單字 'april' 在中文裡的意思是四月。,1. People
May,五月,The word 'may' means 五月 in Chinese.,單字 'may' 在中文裡的意思是五月。,1. People
June,六月,The word 'june' means 六月 in Chinese.,單字 'june' 在中文裡的意思是六月。,7. Food & drink
July,七月,The word 'july' means 七月 in Chinese.,單字 'july' 在中文裡的意思是七月。,7. Food & drink
August,八月,The word 'august' means 八月 in Chinese.,單字 'august' 在中文裡的意思是八月。,7. Food & drink
September,九月,The word 'september' means 九月 in Chinese.,單字 'september' 在中文裡的意思是九月。,7. Food & drink
October,十月,The word 'october' means 十月 in Chinese.,單字 'october' 在中文裡的意思是十月。,7. Food & drink
November,十一月,The word 'november' means 十一月 in Chinese.,單字 'november' 在中文裡的意思是十一月。,7. Food & drink
December,十二月,The word 'december' means 十二月 in Chinese.,單字 'december' 在中文裡的意思是十二月。,7. Food & drink
season,季節,The word 'season' means 季節 in Chinese.,單字 'season' 在中文裡的意思是季節。,7. Food & drink
spring,春天,The word 'spring' means 春天 in Chinese.,單字 'spring' 在中文裡的意思是春天。,7. Food & drink
summer,夏天,The word 'summer' means 夏天 in Chinese.,單字 'summer' 在中文裡的意思是夏天。,7. Food & drink
fall,秋天,The word 'fall' means 秋天 in Chinese.,單字 'fall' 在中文裡的意思是秋天。,7. Food & drink
winter,冬天,The word 'winter' means 冬天 in Chinese.,單字 'winter' 在中文裡的意思是冬天。,7. Food & drink
clock,鐘,The word 'clock' means 鐘 in Chinese.,單字 'clock' 在中文裡的意思是鐘。,7. Food & drink
watch,手錶,The word 'watch' means 手錶 in Chinese.,單字 'watch' 在中文裡的意思是手錶。,7. Food & drink
hour,時,The word 'hour' means 時 in Chinese.,單字 'hour' 在中文裡的意思是時。,7. Food & drink
today,今天,The word 'today' means 今天 in Chinese.,單字 'today' 在中文裡的意思是今天。,7. Food & drink
minute,分,The word 'minute' means 分 in Chinese.,單字 'minute' 在中文裡的意思是分。,7. Food & drink
year,年,The word 'year' means 年 in Chinese.,單字 'year' 在中文裡的意思是年。,7. Food & drink
ago,以前,The word 'ago' means 以前 in Chinese.,單字 'ago' 在中文裡的意思是以前。,7. Food & drink
past,過去,The word 'past' means 過去 in Chinese.,單字 'past' 在中文裡的意思是過去。,7. Food & drink
tomorrow,明天,The word 'tomorrow' means 明天 in Chinese.,單字 'tomorrow' 在中文裡的意思是明天。,7. Food & drink
yesterday,昨天,The word 'yesterday' means 昨天 in Chinese.,單字 'yesterday' 在中文裡的意思是昨天。,7. Food & drink
future,未來,The word 'future' means 未來 in Chinese.,單字 'future' 在中文裡的意思是未來。,7. Food & drink
soon,馬上,The word 'soon' means 馬上 in Chinese.,單字 'soon' 在中文裡的意思是馬上。,7. Food & drink
already,已經,The word 'already' means 已經 in Chinese.,單字 'already' 在中文裡的意思是已經。,7. Food & drink
early,早的,The word 'early' means 早的 in Chinese.,單字 'early' 在中文裡的意思是早的。,7. Food & drink
next,下一個,The word 'next' means 下一個 in Chinese.,單字 'next' 在中文裡的意思是下一個。,7. Food & drink
tonight,今晚,The word 'tonight' means 今晚 in Chinese.,單字 'tonight' 在中文裡的意思是今晚。,7. Food & drink
once,一次,The word 'once' means 一次 in Chinese.,單字 'once' 在中文裡的意思是一次。,7. Food & drink
twice,兩次,The word 'twice' means 兩次 in Chinese.,單字 'twice' 在中文裡的意思是兩次。,7. Food & drink
drink,飲食,We drink together after school.,我們放學後一起飲食。,7. Food & drink
fruit,水果,I eat an fruit every day.,我每天吃一個水果。,7. Food & drink
apple,蘋果,I eat an apple every day.,我每天吃一個蘋果。,7. Food & drink
banana,香蕉,I eat an banana every day.,我每天吃一個香蕉。,7. Food & drink
grapes,葡萄,The word 'grapes' means 葡萄 in Chinese.,單字 'grapes' 在中文裡的意思是葡萄。,7. Food & drink
guava,芭樂,The word 'guava' means 芭樂 in Chinese.,單字 'guava' 在中文裡的意思是芭樂。,7. Food & drink
lemon,檸檬,The word 'lemon' means 檸檬 in Chinese.,單字 'lemon' 在中文裡的意思是檸檬。,7. Food & drink
orange,柳橙,I eat an orange every day.,我每天吃一個柳橙。,7. Food & drink
papaya,木瓜,The word 'papaya' means 木瓜 in Chinese.,單字 'papaya' 在中文裡的意思是木瓜。,7. Food & drink
peach,桃子,The word 'peach' means 桃子 in Chinese.,單字 'peach' 在中文裡的意思是桃子。,7. Food & drink
pear,梨子,The word 'pear' means 梨子 in Chinese.,單字 'pear' 在中文裡的意思是梨子。,7. Food & drink
strawberry,草莓,The word 'strawberry' means 草莓 in Chinese.,單字 'strawberry' 在中文裡的意思是草莓。,7. Food & drink
tomato,蕃茄,The word 'tomato' means 蕃茄 in Chinese.,單字 'tomato' 在中文裡的意思是蕃茄。,7. Food & drink
watermelon,西瓜,The word 'watermelon' means 西瓜 in Chinese.,單字 'watermelon' 在中文裡的意思是西瓜。,7. Food & drink
vegetable,蔬菜,The word 'vegetable' means 蔬菜 in Chinese.,單字 'vegetable' 在中文裡的意思是蔬菜。,7. Food & drink
bean,豆子,The word 'bean' means 豆子 in Chinese.,單字 'bean' 在中文裡的意思是豆子。,7. Food & drink
pumpkin,南瓜,The word 'pumpkin' means 南瓜 in Chinese.,單字 'pumpkin' 在中文裡的意思是南瓜。,7. Food & drink
food,食物,I eat an food every day.,我每天吃一個食物。,7. Food & drink
meat,肉類,The word 'meat' means 肉類 in Chinese.,單字 'meat' 在中文裡的意思是肉類。,7. Food & drink
beef,牛肉,The word 'beef' means 牛肉 in Chinese.,單字 'beef' 在中文裡的意思是牛肉。,7. Food & drink
bread,麵包,The word 'bread' means 麵包 in Chinese.,單字 'bread' 在中文裡的意思是麵包。,7. Food & drink
bun,小麵包,The word 'bun' means 小麵包 in Chinese.,單字 'bun' 在中文裡的意思是小麵包。,7. Food & drink
chicken,雞肉,The word 'chicken' means 雞肉 in Chinese.,單字 'chicken' 在中文裡的意思是雞肉。,7. Food & drink
dumpling,餃子,The word 'dumpling' means 餃子 in Chinese.,單字 'dumpling' 在中文裡的意思是餃子。,7. Food & drink
egg,雞蛋,The word 'egg' means 雞蛋 in Chinese.,單字 'egg' 在中文裡的意思是雞蛋。,7. Food & drink
fast,快的,The word 'fast' means 快的 in Chinese.,單字 'fast' 在中文裡的意思是快的。,7. Food & drink
eat,吃,We eat together after school.,我們放學後一起吃。,7. Food & drink
fish,魚,The word 'fish' means 魚 in Chinese.,單字 'fish' 在中文裡的意思是魚。,7. Food & drink
French fries,薯條,The word 'french fries' means 薯條 in Chinese.,單字 'french fries' 在中文裡的意思是薯條。,7. Food & drink
ham,火腿,The word 'ham' means 火腿 in Chinese.,單字 'ham' 在中文裡的意思是火腿。,7. Food & drink
hamburger,漢堡,The word 'hamburger' means 漢堡 in Chinese.,單字 'hamburger' 在中文裡的意思是漢堡。,7. Food & drink
hot dog,熱狗,The word 'hot dog' means 熱狗 in Chinese.,單字 'hot dog' 在中文裡的意思是熱狗。,7. Food & drink
noodle,麵條,The word 'noodle' means 麵條 in Chinese.,單字 'noodle' 在中文裡的意思是麵條。,7. Food & drink
pizza,披薩,The word 'pizza' means 披薩 in Chinese.,單字 'pizza' 在中文裡的意思是披薩。,7. Food & drink
pork,豬肉,The word 'pork' means 豬肉 in Chinese.,單字 'pork' 在中文裡的意思是豬肉。,7. Food & drink
rice,米飯,The word 'rice' means 米飯 in Chinese.,單字 'rice' 在中文裡的意思是米飯。,7. Food & drink
salad,沙拉,The word 'salad' means 沙拉 in Chinese.,單字 'salad' 在中文裡的意思是沙拉。,7. Food & drink
sandwich,三明治,The word 'sandwich' means 三明治 in Chinese.,單字 'sandwich' 在中文裡的意思是三明治。,7. Food & drink
soup,湯,The word 'soup' means 湯 in Chinese.,單字 'soup' 在中文裡的意思是湯。,7. Food & drink
steak,牛排,The word 'steak' means 牛排 in Chinese.,單字 'steak' 在中文裡的意思是牛排。,7. Food & drink
snack,點心,The word 'snack' means 點心 in Chinese.,單字 'snack' 在中文裡的意思是點心。,7. Food & drink
breakfast,早餐,The word 'breakfast' means 早餐 in Chinese.,單字 'breakfast' 在中文裡的意思是早餐。,7. Food & drink
dinner,晚餐,The word 'dinner' means 晚餐 in Chinese.,單字 'dinner' 在中文裡的意思是晚餐。,7. Food & drink
lunch,午餐,The word 'lunch' means 午餐 in Chinese.,單字 'lunch' 在中文裡的意思是午餐。,7. Food & drink
meal,餐,The word 'meal' means 餐 in Chinese.,單字 'meal' 在中文裡的意思是餐。,7. Food & drink
burn,燃燒,The word 'burn' means 燃燒 in Chinese.,單字 'burn' 在中文裡的意思是燃燒。,7. Food & drink
coffee,咖啡,The word 'coffee' means 咖啡 in Chinese.,單字 'coffee' 在中文裡的意思是咖啡。,7. Food & drink
cola,可樂,The word 'cola' means 可樂 in Chinese.,單字 'cola' 在中文裡的意思是可樂。,7. Food & drink
drink,飲料,We drink together after school.,我們放學後一起飲料。,7. Food & drink
ice,冰,The word 'ice' means 冰 in Chinese.,單字 'ice' 在中文裡的意思是冰。,7. Food & drink
juice,果汁,The word 'juice' means 果汁 in Chinese.,單字 'juice' 在中文裡的意思是果汁。,7. Food & drink
milk,牛奶,The word 'milk' means 牛奶 in Chinese.,單字 'milk' 在中文裡的意思是牛奶。,7. Food & drink
milkshake,奶昔,The word 'milkshake' means 奶昔 in Chinese.,單字 'milkshake' 在中文裡的意思是奶昔。,7. Food & drink
tea,茶,The word 'tea' means 茶 in Chinese.,單字 'tea' 在中文裡的意思是茶。,7. Food & drink
water,水,The word 'water' means 水 in Chinese.,單字 'water' 在中文裡的意思是水。,7. Food & drink
cake,蛋糕,The word 'cake' means 蛋糕 in Chinese.,單字 'cake' 在中文裡的意思是蛋糕。,7. Food & drink
candy,糖果,The word 'candy' means 糖果 in Chinese.,單字 'candy' 在中文裡的意思是糖果。,7. Food & drink
cheese,起司,The word 'cheese' means 起司 in Chinese.,單字 'cheese' 在中文裡的意思是起司。,7. Food & drink
chocolate,巧克力,The word 'chocolate' means 巧克力 in Chinese.,單字 'chocolate' 在中文裡的意思是巧克力。,7. Food & drink
cookie,餅乾,The word 'cookie' means 餅乾 in Chinese.,單字 'cookie' 在中文裡的意思是餅乾。,7. Food & drink
ice cream,冰淇淋,The word 'ice cream' means 冰淇淋 in Chinese.,單字 'ice cream' 在中文裡的意思是冰淇淋。,7. Food & drink
moon cake,月餅,The word 'moon cake' means 月餅 in Chinese.,單字 'moon cake' 在中文裡的意思是月餅。,7. Food & drink
cook,廚師,The word 'cook' means 廚師 in Chinese.,單字 'cook' 在中文裡的意思是廚師。,7. Food & drink
popcorn,爆米花,The word 'popcorn' means 爆米花 in Chinese.,單字 'popcorn' 在中文裡的意思是爆米花。,7. Food & drink
toast,吐司,The word 'toast' means 吐司 in Chinese.,單字 'toast' 在中文裡的意思是吐司。,7. Food & drink
butter,奶油,The word 'butter' means 奶油 in Chinese.,單字 'butter' 在中文裡的意思是奶油。,7. Food & drink
oil,油,The word 'oil' means 油 in Chinese.,單字 'oil' 在中文裡的意思是油。,7. Food & drink
salt,鹽,The word 'salt' means 鹽 in Chinese.,單字 'salt' 在中文裡的意思是鹽。,7. Food & drink
sugar,糖,The word 'sugar' means 糖 in Chinese.,單字 'sugar' 在中文裡的意思是糖。,7. Food & drink
hungry,飢餓的,I feel hungry today.,我今天感到飢餓的。,7. Food & drink
full,飽的,The word 'full' means 飽的 in Chinese.,單字 'full' 在中文裡的意思是飽的。,7. Food & drink
thirsty,口渴的,The word 'thirsty' means 口渴的 in Chinese.,單字 'thirsty' 在中文裡的意思是口渴的。,7. Food & drink
delicious,美味的,The word 'delicious' means 美味的 in Chinese.,單字 'delicious' 在中文裡的意思是美味的。,7. Food & drink
hot,熱的,The word 'hot' means 熱的 in Chinese.,單字 'hot' 在中文裡的意思是熱的。,7. Food & drink
sweet,甜的,The word 'sweet' means 甜的 in Chinese.,單字 'sweet' 在中文裡的意思是甜的。,7. Food & drink
yummy,好吃的,The word 'yummy' means 好吃的 in Chinese.,單字 'yummy' 在中文裡的意思是好吃的。,7. Food & drink
bake,烤,The word 'bake' means 烤 in Chinese.,單字 'bake' 在中文裡的意思是烤。,7. Food & drink
boil,煮,The word 'boil' means 煮 in Chinese.,單字 'boil' 在中文裡的意思是煮。,7. Food & drink
order,點菜,The word 'order' means 點菜 in Chinese.,單字 'order' 在中文裡的意思是點菜。,7. Food & drink
menu,菜單,The word 'menu' means 菜單 in Chinese.,單字 'menu' 在中文裡的意思是菜單。,7. Food & drink
coat,外套,The word 'coat' means 外套 in Chinese.,單字 'coat' 在中文裡的意思是外套。,7. Food & drink
dress,洋裝,The word 'dress' means 洋裝 in Chinese.,單字 'dress' 在中文裡的意思是洋裝。,7. Food & drink
jacket,夾克,The word 'jacket' means 夾克 in Chinese.,單字 'jacket' 在中文裡的意思是夾克。,7. Food & drink
jeans,牛仔褲,The word 'jeans' means 牛仔褲 in Chinese.,單字 'jeans' 在中文裡的意思是牛仔褲。,7. Food & drink
pants,長褲,The word 'pants' means 長褲 in Chinese.,單字 'pants' 在中文裡的意思是長褲。,7. Food & drink
shirt,襯衫,The word 'shirt' means 襯衫 in Chinese.,單字 'shirt' 在中文裡的意思是襯衫。,7. Food & drink
wear,穿,The word 'wear' means 穿 in Chinese.,單字 'wear' 在中文裡的意思是穿。,7. Food & drink
shorts,短褲,The word 'shorts' means 短褲 in Chinese.,單字 'shorts' 在中文裡的意思是短褲。,7. Food & drink
skirt,裙子,The word 'skirt' means 裙子 in Chinese.,單字 'skirt' 在中文裡的意思是裙子。,7. Food & drink
sweater,毛衣,The word 'sweater' means 毛衣 in Chinese.,單字 'sweater' 在中文裡的意思是毛衣。,7. Food & drink
uniform,制服,The word 'uniform' means 制服 in Chinese.,單字 'uniform' 在中文裡的意思是制服。,7. Food & drink
vest,背心,The word 'vest' means 背心 in Chinese.,單字 'vest' 在中文裡的意思是背心。,7. Food & drink
bag,袋子,The word 'bag' means 袋子 in Chinese.,單字 'bag' 在中文裡的意思是袋子。,7. Food & drink
belt,皮帶,The word 'belt' means 皮帶 in Chinese.,單字 'belt' 在中文裡的意思是皮帶。,7. Food & drink
cap,帽子,The word 'cap' means 帽子 in Chinese.,單字 'cap' 在中文裡的意思是帽子。,7. Food & drink
comb,梳子,The word 'comb' means 梳子 in Chinese.,單字 'comb' 在中文裡的意思是梳子。,7. Food & drink
glove,手套,The word 'glove' means 手套 in Chinese.,單字 'glove' 在中文裡的意思是手套。,7. Food & drink
hat,帽子,The word 'hat' means 帽子 in Chinese.,單字 'hat' 在中文裡的意思是帽子。,7. Food & drink
clothes,衣物,The word 'clothes' means 衣物 in Chinese.,單字 'clothes' 在中文裡的意思是衣物。,7. Food & drink
pocket,皮包,The word 'pocket' means 皮包 in Chinese.,單字 'pocket' 在中文裡的意思是皮包。,7. Food & drink
ring,戒指/鈴響,The word 'ring' means 戒指/鈴響 in Chinese.,單字 'ring' 在中文裡的意思是戒指/鈴響。,7. Food & drink
shoes,鞋子,The word 'shoes' means 鞋子 in Chinese.,單字 'shoes' 在中文裡的意思是鞋子。,7. Food & drink
socks,襪子,The word 'socks' means 襪子 in Chinese.,單字 'socks' 在中文裡的意思是襪子。,7. Food & drink
tie,領帶,The word 'tie' means 領帶 in Chinese.,單字 'tie' 在中文裡的意思是領帶。,7. Food & drink
umbrella,雨傘,The word 'umbrella' means 雨傘 in Chinese.,單字 'umbrella' 在中文裡的意思是雨傘。,7. Food & drink
hobbies,運動、興趣、嗜好,The word 'hobbies' means 運動、興趣、嗜好 in Chinese.,單字 'hobbies' 在中文裡的意思是運動、興趣、嗜好。,7. Food & drink
sports,運動,The word 'sports' means 運動 in Chinese.,單字 'sports' 在中文裡的意思是運動。,7. Food & drink
badminton,羽球,The word 'badminton' means 羽球 in Chinese.,單字 'badminton' 在中文裡的意思是羽球。,7. Food & drink
baseball,棒球,The word 'baseball' means 棒球 in Chinese.,單字 'baseball' 在中文裡的意思是棒球。,7. Food & drink
basketball,籃球,The word 'basketball' means 籃球 in Chinese.,單字 'basketball' 在中文裡的意思是籃球。,7. Food & drink
dodge ball,躲避球,The word 'dodge ball' means 躲避球 in Chinese.,單字 'dodge ball' 在中文裡的意思是躲避球。,7. Food & drink
frisbee,飛盤,The word 'frisbee' means 飛盤 in Chinese.,單字 'frisbee' 在中文裡的意思是飛盤。,10. Houses & apartments
race,比賽,The word 'race' means 比賽 in Chinese.,單字 'race' 在中文裡的意思是比賽。,10. Houses & apartments
soccer,足球,The word 'soccer' means 足球 in Chinese.,單字 'soccer' 在中文裡的意思是足球。,10. Houses & apartments
tennis,網球,The word 'tennis' means 網球 in Chinese.,單字 'tennis' 在中文裡的意思是網球。,10. Houses & apartments
barbecue,烤肉,The word 'barbecue' means 烤肉 in Chinese.,單字 'barbecue' 在中文裡的意思是烤肉。,10. Houses & apartments
camp(camping) climb(climbing) cook(cooking) dance(dancing) draw(drawing),露營爬煮飯跳舞畫圖,The word 'camp(camping) climb(climbing) cook(cooking) dance(dancing) draw(drawing)' means 露營爬煮飯跳舞畫圖 in Chinese.,單字 'camp(camping) climb(climbing) cook(cooking) dance(dancing) draw(drawing)' 在中文裡的意思是露營爬煮飯跳舞畫圖。,10. Houses & apartments
exercise,運動fish(fishing)釣魚hike(hiking)健行jog(jogging)慢跑,The word 'exercise' means 運動fish(fishing)釣魚hike(hiking)健行jog(jogging)慢跑 in Chinese.,單字 'exercise' 在中文裡的意思是運動fish(fishing)釣魚hike(hiking)健行jog(jogging)慢跑。,10. Houses & apartments
picnic,野餐,The word 'picnic' means 野餐 in Chinese.,單字 'picnic' 在中文裡的意思是野餐。,10. Houses & apartments
swim,游泳,They like to swim in the park.,他們喜歡在公園游泳。,10. Houses & apartments
t rip,旅行,The word 't rip' means 旅行 in Chinese.,單字 't rip' 在中文裡的意思是旅行。,10. Houses & apartments
hobby,嗜好run(running)跑步sing(singing)唱歌,The word 'hobby' means 嗜好run(running)跑步sing(singing)唱歌 in Chinese.,單字 'hobby' 在中文裡的意思是嗜好run(running)跑步sing(singing)唱歌。,10. Houses & apartments
band,樂團,The word 'band' means 樂團 in Chinese.,單字 'band' 在中文裡的意思是樂團。,10. Houses & apartments
comic,漫畫,The word 'comic' means 漫畫 in Chinese.,單字 'comic' 在中文裡的意思是漫畫。,10. Houses & apartments
computer game doll,洋娃娃,The word 'computer game doll' means 洋娃娃 in Chinese.,單字 'computer game doll' 在中文裡的意思是洋娃娃。,10. Houses & apartments
credit card,信用卡電腦遊戲,The word 'credit card' means 信用卡電腦遊戲 in Chinese.,單字 'credit card' 在中文裡的意思是信用卡電腦遊戲。,10. Houses & apartments
game,遊戲,The word 'game' means 遊戲 in Chinese.,單字 'game' 在中文裡的意思是遊戲。,10. Houses & apartments
kite,風箏,The word 'kite' means 風箏 in Chinese.,單字 'kite' 在中文裡的意思是風箏。,10. Houses & apartments
movie,電影,The word 'movie' means 電影 in Chinese.,單字 'movie' 在中文裡的意思是電影。,10. Houses & apartments
music,音樂,The word 'music' means 音樂 in Chinese.,單字 'music' 在中文裡的意思是音樂。,10. Houses & apartments
paint,畫畫,The word 'paint' means 畫畫 in Chinese.,單字 'paint' 在中文裡的意思是畫畫。,10. Houses & apartments
piano,鋼琴,The word 'piano' means 鋼琴 in Chinese.,單字 'piano' 在中文裡的意思是鋼琴。,10. Houses & apartments
song,歌曲,The word 'song' means 歌曲 in Chinese.,單字 'song' 在中文裡的意思是歌曲。,10. Houses & apartments
team,隊伍,The word 'team' means 隊伍 in Chinese.,單字 'team' 在中文裡的意思是隊伍。,10. Houses & apartments
t oy,玩具,The word 't oy' means 玩具 in Chinese.,單字 't oy' 在中文裡的意思是玩具。,10. Houses & apartments
lose,輸,The word 'lose' means 輸 in Chinese.,單字 'lose' 在中文裡的意思是輸。,10. Houses & apartments
play,玩,We play together after school.,我們放學後一起玩。,10. Houses & apartments
win,贏,The word 'win' means 贏 in Chinese.,單字 'win' 在中文裡的意思是贏。,10. Houses & apartments
fan,電風扇；粉絲,The word 'fan' means 電風扇；粉絲 in Chinese.,單字 'fan' 在中文裡的意思是電風扇；粉絲。,10. Houses & apartments
apartment,公寓,The word 'apartment' means 公寓 in Chinese.,單字 'apartment' 在中文裡的意思是公寓。,10. Houses & apartments
house,房子,The word 'house' means 房子 in Chinese.,單字 'house' 在中文裡的意思是房子。,10. Houses & apartments
home,房子；家,The word 'home' means 房子；家 in Chinese.,單字 'home' 在中文裡的意思是房子；家。,10. Houses & apartments
bathroom,浴室,The word 'bathroom' means 浴室 in Chinese.,單字 'bathroom' 在中文裡的意思是浴室。,10. Houses & apartments
bedroom,臥房,The word 'bedroom' means 臥房 in Chinese.,單字 'bedroom' 在中文裡的意思是臥房。,10. Houses & apartments
dining room,餐廳,The word 'dining room' means 餐廳 in Chinese.,單字 'dining room' 在中文裡的意思是餐廳。,10. Houses & apartments
garden,花園,The word 'garden' means 花園 in Chinese.,單字 'garden' 在中文裡的意思是花園。,10. Houses & apartments
kitchen,廚房,The word 'kitchen' means 廚房 in Chinese.,單字 'kitchen' 在中文裡的意思是廚房。,10. Houses & apartments
living room,客廳,The word 'living room' means 客廳 in Chinese.,單字 'living room' 在中文裡的意思是客廳。,10. Houses & apartments
room,房間,The word 'room' means 房間 in Chinese.,單字 'room' 在中文裡的意思是房間。,10. Houses & apartments
study,書房,We study together after school.,我們放學後一起書房。,10. Houses & apartments
yard,庭院,The word 'yard' means 庭院 in Chinese.,單字 'yard' 在中文裡的意思是庭院。,10. Houses & apartments
balcony,陽台,The word 'balcony' means 陽台 in Chinese.,單字 'balcony' 在中文裡的意思是陽台。,10. Houses & apartments
door,門,The word 'door' means 門 in Chinese.,單字 'door' 在中文裡的意思是門。,10. Houses & apartments
floor,地板,The word 'floor' means 地板 in Chinese.,單字 'floor' 在中文裡的意思是地板。,10. Houses & apartments
gate,大門,The word 'gate' means 大門 in Chinese.,單字 'gate' 在中文裡的意思是大門。,10. Houses & apartments
stairs,階梯,The word 'stairs' means 階梯 in Chinese.,單字 'stairs' 在中文裡的意思是階梯。,10. Houses & apartments
wall,牆壁,The word 'wall' means 牆壁 in Chinese.,單字 'wall' 在中文裡的意思是牆壁。,10. Houses & apartments
window,窗戶,The word 'window' means 窗戶 in Chinese.,單字 'window' 在中文裡的意思是窗戶。,10. Houses & apartments
bath,洗澡,The word 'bath' means 洗澡 in Chinese.,單字 'bath' 在中文裡的意思是洗澡。,10. Houses & apartments
bed,床,The word 'bed' means 床 in Chinese.,單字 'bed' 在中文裡的意思是床。,10. Houses & apartments
bench,長椅,The word 'bench' means 長椅 in Chinese.,單字 'bench' 在中文裡的意思是長椅。,10. Houses & apartments
chair,椅子,The word 'chair' means 椅子 in Chinese.,單字 'chair' 在中文裡的意思是椅子。,10. Houses & apartments
couch,沙發,The word 'couch' means 沙發 in Chinese.,單字 'couch' 在中文裡的意思是沙發。,10. Houses & apartments
desk,書桌,The word 'desk' means 書桌 in Chinese.,單字 'desk' 在中文裡的意思是書桌。,10. Houses & apartments
drawer,抽屜,The word 'drawer' means 抽屜 in Chinese.,單字 'drawer' 在中文裡的意思是抽屜。,10. Houses & apartments
lamp,檯燈,The word 'lamp' means 檯燈 in Chinese.,單字 'lamp' 在中文裡的意思是檯燈。,10. Houses & apartments
light,光,The word 'light' means 光 in Chinese.,單字 'light' 在中文裡的意思是光。,10. Houses & apartments
sofa,沙發,The word 'sofa' means 沙發 in Chinese.,單字 'sofa' 在中文裡的意思是沙發。,10. Houses & apartments
table,桌子,The word 'table' means 桌子 in Chinese.,單字 'table' 在中文裡的意思是桌子。,10. Houses & apartments
tub,桶子；木盆,The word 'tub' means 桶子；木盆 in Chinese.,單字 'tub' 在中文裡的意思是桶子；木盆。,10. Houses & apartments
blanket,毛毯,The word 'blanket' means 毛毯 in Chinese.,單字 'blanket' 在中文裡的意思是毛毯。,10. Houses & apartments
towel,毛巾,The word 'towel' means 毛巾 in Chinese.,單字 'towel' 在中文裡的意思是毛巾。,10. Houses & apartments
camera,照相機computer電腦,The word 'camera' means 照相機computer電腦 in Chinese.,單字 'camera' 在中文裡的意思是照相機computer電腦。,10. Houses & apartments
fan,電風扇,The word 'fan' means 電風扇 in Chinese.,單字 'fan' 在中文裡的意思是電風扇。,10. Houses & apartments
machine,機器,The word 'machine' means 機器 in Chinese.,單字 'machine' 在中文裡的意思是機器。,10. Houses & apartments
radio,收音機,The word 'radio' means 收音機 in Chinese.,單字 'radio' 在中文裡的意思是收音機。,10. Houses & apartments
refrigerator,冰箱,The word 'refrigerator' means 冰箱 in Chinese.,單字 'refrigerator' 在中文裡的意思是冰箱。,10. Houses & apartments
tape,膠帶,The word 'tape' means 膠帶 in Chinese.,單字 'tape' 在中文裡的意思是膠帶。,10. Houses & apartments
recorder,錄音機,The word 'recorder' means 錄音機 in Chinese.,單字 'recorder' 在中文裡的意思是錄音機。,10. Houses & apartments
telephone,電話,The word 'telephone' means 電話 in Chinese.,單字 'telephone' 在中文裡的意思是電話。,10. Houses & apartments
Television (TV),電視,The word 'television (tv)' means 電視 in Chinese.,單字 'television (tv)' 在中文裡的意思是電視。,10. Houses & apartments
video,錄影機,The word 'video' means 錄影機 in Chinese.,單字 'video' 在中文裡的意思是錄影機。,10. Houses & apartments
basket,籃子,The word 'basket' means 籃子 in Chinese.,單字 'basket' 在中文裡的意思是籃子。,10. Houses & apartments
candle,蠟燭,The word 'candle' means 蠟燭 in Chinese.,單字 'candle' 在中文裡的意思是蠟燭。,10. Houses & apartments
key,鑰匙,The word 'key' means 鑰匙 in Chinese.,單字 'key' 在中文裡的意思是鑰匙。,10. Houses & apartments
street,街道,The word 'street' means 街道 in Chinese.,單字 'street' 在中文裡的意思是街道。,10. Houses & apartments
pot,茶壺,The word 'pot' means 茶壺 in Chinese.,單字 'pot' 在中文裡的意思是茶壺。,10. Houses & apartments
building,建築物,The word 'building' means 建築物 in Chinese.,單字 'building' 在中文裡的意思是建築物。,10. Houses & apartments
clean,清理,The word 'clean' means 清理 in Chinese.,單字 'clean' 在中文裡的意思是清理。,10. Houses & apartments
fix,修理,The word 'fix' means 修理 in Chinese.,單字 'fix' 在中文裡的意思是修理。,10. Houses & apartments
wash,洗,The word 'wash' means 洗 in Chinese.,單字 'wash' 在中文裡的意思是洗。,10. Houses & apartments
road,路,The word 'road' means 路 in Chinese.,單字 'road' 在中文裡的意思是路。,10. Houses & apartments
elementary school junior high school senior high school classroom,教室,The word 'elementary school junior high school senior high school classroom' means 教室 in Chinese.,單字 'elementary school junior high school senior high school classroom' 在中文裡的意思是教室。,10. Houses & apartments
gym,體育館國小國中高中,The word 'gym' means 體育館國小國中高中 in Chinese.,單字 'gym' 在中文裡的意思是體育館國小國中高中。,10. Houses & apartments
playground,操場,The word 'playground' means 操場 in Chinese.,單字 'playground' 在中文裡的意思是操場。,10. Houses & apartments
library,圖書館,The word 'library' means 圖書館 in Chinese.,單字 'library' 在中文裡的意思是圖書館。,10. Houses & apartments
class,教室：課,The word 'class' means 教室：課 in Chinese.,單字 'class' 在中文裡的意思是教室：課。,10. Houses & apartments
seesaw,翹翹板,The word 'seesaw' means 翹翹板 in Chinese.,單字 'seesaw' 在中文裡的意思是翹翹板。,10. Houses & apartments
slide,溜滑梯,The word 'slide' means 溜滑梯 in Chinese.,單字 'slide' 在中文裡的意思是溜滑梯。,10. Houses & apartments
blackboard,黑板,The word 'blackboard' means 黑板 in Chinese.,單字 'blackboard' 在中文裡的意思是黑板。,10. Houses & apartments
book,書,This is my book.,這是我的書。,10. Houses & apartments
chalk,粉筆,The word 'chalk' means 粉筆 in Chinese.,單字 'chalk' 在中文裡的意思是粉筆。,10. Houses & apartments
dictionary,字典,The word 'dictionary' means 字典 in Chinese.,單字 'dictionary' 在中文裡的意思是字典。,10. Houses & apartments
envelope,信封,The word 'envelope' means 信封 in Chinese.,單字 'envelope' 在中文裡的意思是信封。,10. Houses & apartments
eraser,橡皮擦,The word 'eraser' means 橡皮擦 in Chinese.,單字 'eraser' 在中文裡的意思是橡皮擦。,10. Houses & apartments
glasses,玻璃杯,The word 'glasses' means 玻璃杯 in Chinese.,單字 'glasses' 在中文裡的意思是玻璃杯。,10. Houses & apartments
glue,膠水,The word 'glue' means 膠水 in Chinese.,單字 'glue' 在中文裡的意思是膠水。,10. Houses & apartments
letter,信,The word 'letter' means 信 in Chinese.,單字 'letter' 在中文裡的意思是信。,10. Houses & apartments
map,地圖,The word 'map' means 地圖 in Chinese.,單字 'map' 在中文裡的意思是地圖。,10. Houses & apartments
marker,馬克筆,The word 'marker' means 馬克筆 in Chinese.,單字 'marker' 在中文裡的意思是馬克筆。,10. Houses & apartments
notebook,筆記本,This is my notebook.,這是我的筆記本。,10. Houses & apartments
page,頁數,The word 'page' means 頁數 in Chinese.,單字 'page' 在中文裡的意思是頁數。,10. Houses & apartments
paper,紙,This is my paper.,這是我的紙。,10. Houses & apartments
pen,筆,This is my pen.,這是我的筆。,10. Houses & apartments
pencil box(case) pencil,鉛筆,The word 'pencil box(case) pencil' means 鉛筆 in Chinese.,單字 'pencil box(case) pencil' 在中文裡的意思是鉛筆。,10. Houses & apartments
picture,圖片postcard明信片,The word 'picture' means 圖片postcard明信片 in Chinese.,單字 'picture' 在中文裡的意思是圖片postcard明信片。,10. Houses & apartments
present,禮物鉛筆盒,The word 'present' means 禮物鉛筆盒 in Chinese.,單字 'present' 在中文裡的意思是禮物鉛筆盒。,10. Houses & apartments
ruler,尺,The word 'ruler' means 尺 in Chinese.,單字 'ruler' 在中文裡的意思是尺。,10. Houses & apartments
workbook,作業簿,The word 'workbook' means 作業簿 in Chinese.,單字 'workbook' 在中文裡的意思是作業簿。,10. Houses & apartments
course,科目,The word 'course' means 科目 in Chinese.,單字 'course' 在中文裡的意思是科目。,10. Houses & apartments
art,美術,The word 'art' means 美術 in Chinese.,單字 'art' 在中文裡的意思是美術。,10. Houses & apartments
Chinese,中文,The word 'chinese' means 中文 in Chinese.,單字 'chinese' 在中文裡的意思是中文。,10. Houses & apartments
English,英文,The word 'english' means 英文 in Chinese.,單字 'english' 在中文裡的意思是英文。,10. Houses & apartments
history,歷史,The word 'history' means 歷史 in Chinese.,單字 'history' 在中文裡的意思是歷史。,10. Houses & apartments
language,語言,The word 'language' means 語言 in Chinese.,單字 'language' 在中文裡的意思是語言。,10. Houses & apartments
math,數學,The word 'math' means 數學 in Chinese.,單字 'math' 在中文裡的意思是數學。,10. Houses & apartments
PE(physical cheer leader science,科學,The word 'pe(physical cheer leader science' means 科學 in Chinese.,單字 'pe(physical cheer leader science' 在中文裡的意思是科學。,12. Places & locations
classmate,同學,The word 'classmate' means 同學 in Chinese.,單字 'classmate' 在中文裡的意思是同學。,12. Places & locations
friend,朋友,He is a good friend.,他是一位好朋友。,12. Places & locations
education),體育啦啦隊長,The word 'education)' means 體育啦啦隊長 in Chinese.,單字 'education)' 在中文裡的意思是體育啦啦隊長。,12. Places & locations
student,學生,He is a good student.,他是一位好學生。,12. Places & locations
teacher,老師,He is a good teacher.,他是一位好老師。,12. Places & locations
answer,答案,The word 'answer' means 答案 in Chinese.,單字 'answer' 在中文裡的意思是答案。,12. Places & locations
ask,詢問,The word 'ask' means 詢問 in Chinese.,單字 'ask' 在中文裡的意思是詢問。,12. Places & locations
fail,不及格,The word 'fail' means 不及格 in Chinese.,單字 'fail' 在中文裡的意思是不及格。,12. Places & locations
learn,學習,The word 'learn' means 學習 in Chinese.,單字 'learn' 在中文裡的意思是學習。,12. Places & locations
listen,聽,The word 'listen' means 聽 in Chinese.,單字 'listen' 在中文裡的意思是聽。,12. Places & locations
mark,痕跡；記號,The word 'mark' means 痕跡；記號 in Chinese.,單字 'mark' 在中文裡的意思是痕跡；記號。,12. Places & locations
pass,通過,The word 'pass' means 通過 in Chinese.,單字 'pass' 在中文裡的意思是通過。,12. Places & locations
practice,練習,The word 'practice' means 練習 in Chinese.,單字 'practice' 在中文裡的意思是練習。,12. Places & locations
prepare,複習,The word 'prepare' means 複習 in Chinese.,單字 'prepare' 在中文裡的意思是複習。,12. Places & locations
read,讀書,We read together after school.,我們放學後一起讀書。,12. Places & locations
repeat,重複,The word 'repeat' means 重複 in Chinese.,單字 'repeat' 在中文裡的意思是重複。,12. Places & locations
say,說,The word 'say' means 說 in Chinese.,單字 'say' 在中文裡的意思是說。,12. Places & locations
speak,說,The word 'speak' means 說 in Chinese.,單字 'speak' 在中文裡的意思是說。,12. Places & locations
spell,拼,The word 'spell' means 拼 in Chinese.,單字 'spell' 在中文裡的意思是拼。,12. Places & locations
study,學習,We study together after school.,我們放學後一起學習。,12. Places & locations
talk,說話,The word 'talk' means 說話 in Chinese.,單字 'talk' 在中文裡的意思是說話。,12. Places & locations
teach,敎,The word 'teach' means 敎 in Chinese.,單字 'teach' 在中文裡的意思是敎。,12. Places & locations
understand,明白,The word 'understand' means 明白 in Chinese.,單字 'understand' 在中文裡的意思是明白。,12. Places & locations
exercise,運動；,The word 'exercise' means 運動； in Chinese.,單字 'exercise' 在中文裡的意思是運動；。,12. Places & locations
write,寫,We write together after school.,我們放學後一起寫。,12. Places & locations
draw,畫,The word 'draw' means 畫 in Chinese.,單字 'draw' 在中文裡的意思是畫。,12. Places & locations
example,例子,The word 'example' means 例子 in Chinese.,單字 'example' 在中文裡的意思是例子。,12. Places & locations
grade,成績練習,The word 'grade' means 成績練習 in Chinese.,單字 'grade' 在中文裡的意思是成績練習。,12. Places & locations
homework,回,The word 'homework' means 回 in Chinese.,單字 'homework' 在中文裡的意思是回。,12. Places & locations
knowledge,知識,The word 'knowledge' means 知識 in Chinese.,單字 'knowledge' 在中文裡的意思是知識。,12. Places & locations
lesson,課,The word 'lesson' means 課 in Chinese.,單字 'lesson' 在中文裡的意思是課。,12. Places & locations
problem,問題,The word 'problem' means 問題 in Chinese.,單字 'problem' 在中文裡的意思是問題。,12. Places & locations
question,問題家功課,The word 'question' means 問題家功課 in Chinese.,單字 'question' 在中文裡的意思是問題家功課。,12. Places & locations
quiz,測驗,The word 'quiz' means 測驗 in Chinese.,單字 'quiz' 在中文裡的意思是測驗。,12. Places & locations
story,故事,The word 'story' means 故事 in Chinese.,單字 'story' 在中文裡的意思是故事。,12. Places & locations
test,考試,The word 'test' means 考試 in Chinese.,單字 'test' 在中文裡的意思是考試。,12. Places & locations
here,這裡,The word 'here' means 這裡 in Chinese.,單字 'here' 在中文裡的意思是這裡。,12. Places & locations
there,那裡,The word 'there' means 那裡 in Chinese.,單字 'there' 在中文裡的意思是那裡。,12. Places & locations
back,後面,The word 'back' means 後面 in Chinese.,單字 'back' 在中文裡的意思是後面。,12. Places & locations
front,前面,The word 'front' means 前面 in Chinese.,單字 'front' 在中文裡的意思是前面。,12. Places & locations
left,左邊,The word 'left' means 左邊 in Chinese.,單字 'left' 在中文裡的意思是左邊。,12. Places & locations
middle,中間,The word 'middle' means 中間 in Chinese.,單字 'middle' 在中文裡的意思是中間。,12. Places & locations
right,右邊；正確,The word 'right' means 右邊；正確 in Chinese.,單字 'right' 在中文裡的意思是右邊；正確。,12. Places & locations
east,東,The word 'east' means 東 in Chinese.,單字 'east' 在中文裡的意思是東。,12. Places & locations
west,西,The word 'west' means 西 in Chinese.,單字 'west' 在中文裡的意思是西。,12. Places & locations
south,南,The word 'south' means 南 in Chinese.,單字 'south' 在中文裡的意思是南。,12. Places & locations
north,北,The word 'north' means 北 in Chinese.,單字 'north' 在中文裡的意思是北。,12. Places & locations
top,上面,The word 'top' means 上面 in Chinese.,單字 'top' 在中文裡的意思是上面。,12. Places & locations
bakery,麵包店,The word 'bakery' means 麵包店 in Chinese.,單字 'bakery' 在中文裡的意思是麵包店。,12. Places & locations
bank,銀行,The word 'bank' means 銀行 in Chinese.,單字 'bank' 在中文裡的意思是銀行。,12. Places & locations
beach,海灘,The word 'beach' means 海灘 in Chinese.,單字 'beach' 在中文裡的意思是海灘。,12. Places & locations
department store fast food restaurant bookstore,書店,The word 'department store fast food restaurant bookstore' means 書店 in Chinese.,單字 'department store fast food restaurant bookstore' 在中文裡的意思是書店。,12. Places & locations
church,教堂,The word 'church' means 教堂 in Chinese.,單字 'church' 在中文裡的意思是教堂。,12. Places & locations
factory,工廠百貨公司速食餐廳,The word 'factory' means 工廠百貨公司速食餐廳 in Chinese.,單字 'factory' 在中文裡的意思是工廠百貨公司速食餐廳。,12. Places & locations
fire station flower shop,花店,The word 'fire station flower shop' means 花店 in Chinese.,單字 'fire station flower shop' 在中文裡的意思是花店。,12. Places & locations
hospital,醫院,The word 'hospital' means 醫院 in Chinese.,單字 'hospital' 在中文裡的意思是醫院。,12. Places & locations
hotel,旅館,The word 'hotel' means 旅館 in Chinese.,單字 'hotel' 在中文裡的意思是旅館。,12. Places & locations
market,市場消防站,The word 'market' means 市場消防站 in Chinese.,單字 'market' 在中文裡的意思是市場消防站。,12. Places & locations
movie theater,戲,The word 'movie theater' means 戲 in Chinese.,單字 'movie theater' 在中文裡的意思是戲。,12. Places & locations
museum,博物館,The word 'museum' means 博物館 in Chinese.,單字 'museum' 在中文裡的意思是博物館。,12. Places & locations
office,辦公室,The word 'office' means 辦公室 in Chinese.,單字 'office' 在中文裡的意思是辦公室。,12. Places & locations
park,公園,The word 'park' means 公園 in Chinese.,單字 'park' 在中文裡的意思是公園。,12. Places & locations
post office,郵局院,The word 'post office' means 郵局院 in Chinese.,單字 'post office' 在中文裡的意思是郵局院。,12. Places & locations
police station restroom,廁所,The word 'police station restroom' means 廁所 in Chinese.,單字 'police station restroom' 在中文裡的意思是廁所。,12. Places & locations
restaurant,餐廳,The word 'restaurant' means 餐廳 in Chinese.,單字 'restaurant' 在中文裡的意思是餐廳。,12. Places & locations
shop,商店,The word 'shop' means 商店 in Chinese.,單字 'shop' 在中文裡的意思是商店。,12. Places & locations
store,商店警察局,The word 'store' means 商店警察局 in Chinese.,單字 'store' 在中文裡的意思是商店警察局。,12. Places & locations
supermarket temple,寺廟,The word 'supermarket temple' means 寺廟 in Chinese.,單字 'supermarket temple' 在中文裡的意思是寺廟。,12. Places & locations
theater,戲院,The word 'theater' means 戲院 in Chinese.,單字 'theater' 在中文裡的意思是戲院。,12. Places & locations
zoo,動物園,The word 'zoo' means 動物園 in Chinese.,單字 'zoo' 在中文裡的意思是動物園。,12. Places & locations
city,城市超級市場,The word 'city' means 城市超級市場 in Chinese.,單字 'city' 在中文裡的意思是城市超級市場。,12. Places & locations
country farm,農場,The word 'country farm' means 農場 in Chinese.,單字 'country farm' 在中文裡的意思是農場。,12. Places & locations
place,地方,The word 'place' means 地方 in Chinese.,單字 'place' 在中文裡的意思是地方。,12. Places & locations
town,城鎮國家；鄉下,The word 'town' means 城鎮國家；鄉下 in Chinese.,單字 'town' 在中文裡的意思是城鎮國家；鄉下。,12. Places & locations
airplane(plane) bicycle(bike) boat,船,The word 'airplane(plane) bicycle(bike) boat' means 船 in Chinese.,單字 'airplane(plane) bicycle(bike) boat' 在中文裡的意思是船。,12. Places & locations
bus,巴士,The word 'bus' means 巴士 in Chinese.,單字 'bus' 在中文裡的意思是巴士。,12. Places & locations
car,汽車飛機腳踏車,The word 'car' means 汽車飛機腳踏車 in Chinese.,單字 'car' 在中文裡的意思是汽車飛機腳踏車。,12. Places & locations
motorcycle scooter,摩托車,The word 'motorcycle scooter' means 摩托車 in Chinese.,單字 'motorcycle scooter' 在中文裡的意思是摩托車。,12. Places & locations
ship,郵輪,The word 'ship' means 郵輪 in Chinese.,單字 'ship' 在中文裡的意思是郵輪。,12. Places & locations
taxi,計程車,The word 'taxi' means 計程車 in Chinese.,單字 'taxi' 在中文裡的意思是計程車。,12. Places & locations
train,火車摩托車,The word 'train' means 火車摩托車 in Chinese.,單字 'train' 在中文裡的意思是火車摩托車。,12. Places & locations
truck,卡車,The word 'truck' means 卡車 in Chinese.,單字 'truck' 在中文裡的意思是卡車。,12. Places & locations
airport,機場,The word 'airport' means 機場 in Chinese.,單字 'airport' 在中文裡的意思是機場。,12. Places & locations
bus stop,巴士站,The word 'bus stop' means 巴士站 in Chinese.,單字 'bus stop' 在中文裡的意思是巴士站。,12. Places & locations
station,站,The word 'station' means 站 in Chinese.,單字 'station' 在中文裡的意思是站。,12. Places & locations
land,土地,The word 'land' means 土地 in Chinese.,單字 'land' 在中文裡的意思是土地。,12. Places & locations
block,街區,The word 'block' means 街區 in Chinese.,單字 'block' 在中文裡的意思是街區。,12. Places & locations
bridge,橋,The word 'bridge' means 橋 in Chinese.,單字 'bridge' 在中文裡的意思是橋。,12. Places & locations
MRT,捷運,The word 'mrt' means 捷運 in Chinese.,單字 'mrt' 在中文裡的意思是捷運。,12. Places & locations
railway,鐵路,The word 'railway' means 鐵路 in Chinese.,單字 'railway' 在中文裡的意思是鐵路。,12. Places & locations
sidewalk,人行道,The word 'sidewalk' means 人行道 in Chinese.,單字 'sidewalk' 在中文裡的意思是人行道。,12. Places & locations
traffic,交通,The word 'traffic' means 交通 in Chinese.,單字 'traffic' 在中文裡的意思是交通。,12. Places & locations
arrive,到達,The word 'arrive' means 到達 in Chinese.,單字 'arrive' 在中文裡的意思是到達。,12. Places & locations
cross,越過,The word 'cross' means 越過 in Chinese.,單字 'cross' 在中文裡的意思是越過。,12. Places & locations
drive,駕駛,The word 'drive' means 駕駛 in Chinese.,單字 'drive' 在中文裡的意思是駕駛。,12. Places & locations
fly,飛,The word 'fly' means 飛 in Chinese.,單字 'fly' 在中文裡的意思是飛。,12. Places & locations
fast,快,The word 'fast' means 快 in Chinese.,單字 'fast' 在中文裡的意思是快。,12. Places & locations
ride,騎,The word 'ride' means 騎 in Chinese.,單字 'ride' 在中文裡的意思是騎。,12. Places & locations
turn,轉,The word 'turn' means 轉 in Chinese.,單字 'turn' 在中文裡的意思是轉。,12. Places & locations
slow,慢,The word 'slow' means 慢 in Chinese.,單字 'slow' 在中文裡的意思是慢。,12. Places & locations
quick,快點,The word 'quick' means 快點 in Chinese.,單字 'quick' 在中文裡的意思是快點。,12. Places & locations
centimeter,公分,The word 'centimeter' means 公分 in Chinese.,單字 'centimeter' 在中文裡的意思是公分。,12. Places & locations
gram,克,The word 'gram' means 克 in Chinese.,單字 'gram' 在中文裡的意思是克。,12. Places & locations
inch,英吋,The word 'inch' means 英吋 in Chinese.,單字 'inch' 在中文裡的意思是英吋。,12. Places & locations
kilogram,公斤,The word 'kilogram' means 公斤 in Chinese.,單字 'kilogram' 在中文裡的意思是公斤。,12. Places & locations
mile,哩,The word 'mile' means 哩 in Chinese.,單字 'mile' 在中文裡的意思是哩。,12. Places & locations
pound,磅,The word 'pound' means 磅 in Chinese.,單字 'pound' 在中文裡的意思是磅。,12. Places & locations
circle,圓,The word 'circle' means 圓 in Chinese.,單字 'circle' 在中文裡的意思是圓。,12. Places & locations
dot,小圓點,The word 'dot' means 小圓點 in Chinese.,單字 'dot' 在中文裡的意思是小圓點。,12. Places & locations
line,線,The word 'line' means 線 in Chinese.,單字 'line' 在中文裡的意思是線。,12. Places & locations
point,點,The word 'point' means 點 in Chinese.,單字 'point' 在中文裡的意思是點。,15. Occupations
size,尺寸,The word 'size' means 尺寸 in Chinese.,單字 'size' 在中文裡的意思是尺寸。,15. Occupations
shape,形狀,The word 'shape' means 形狀 in Chinese.,單字 'shape' 在中文裡的意思是形狀。,15. Occupations
square,正方形,The word 'square' means 正方形 in Chinese.,單字 'square' 在中文裡的意思是正方形。,15. Occupations
big,大,The house is very big.,這間房子非常大。,15. Occupations
far,遠,The word 'far' means 遠 in Chinese.,單字 'far' 在中文裡的意思是遠。,15. Occupations
high,高,The word 'high' means 高 in Chinese.,單字 'high' 在中文裡的意思是高。,15. Occupations
large,大,The word 'large' means 大 in Chinese.,單字 'large' 在中文裡的意思是大。,15. Occupations
little,小,The word 'little' means 小 in Chinese.,單字 'little' 在中文裡的意思是小。,15. Occupations
long,長,The word 'long' means 長 in Chinese.,單字 'long' 在中文裡的意思是長。,15. Occupations
low,低,The word 'low' means 低 in Chinese.,單字 'low' 在中文裡的意思是低。,15. Occupations
medium,中間,The word 'medium' means 中間 in Chinese.,單字 'medium' 在中文裡的意思是中間。,15. Occupations
short,短；矮,The house is very short.,這間房子非常短；矮。,15. Occupations
small,小,The house is very small.,這間房子非常小。,15. Occupations
straight,直,The word 'straight' means 直 in Chinese.,單字 'straight' 在中文裡的意思是直。,15. Occupations
round,圓的,The word 'round' means 圓的 in Chinese.,單字 'round' 在中文裡的意思是圓的。,15. Occupations
bottle,瓶子,The word 'bottle' means 瓶子 in Chinese.,單字 'bottle' 在中文裡的意思是瓶子。,15. Occupations
cup,杯子,The word 'cup' means 杯子 in Chinese.,單字 'cup' 在中文裡的意思是杯子。,15. Occupations
dozen,一打,The word 'dozen' means 一打 in Chinese.,單字 'dozen' 在中文裡的意思是一打。,15. Occupations
glass,杯子,The word 'glass' means 杯子 in Chinese.,單字 'glass' 在中文裡的意思是杯子。,15. Occupations
pack,包,The word 'pack' means 包 in Chinese.,單字 'pack' 在中文裡的意思是包。,15. Occupations
package,包裝,The word 'package' means 包裝 in Chinese.,單字 'package' 在中文裡的意思是包裝。,15. Occupations
pair,一雙；一對,The word 'pair' means 一雙；一對 in Chinese.,單字 'pair' 在中文裡的意思是一雙；一對。,15. Occupations
piece,片,The word 'piece' means 片 in Chinese.,單字 'piece' 在中文裡的意思是片。,15. Occupations
businessman,生,The word 'businessman' means 生 in Chinese.,單字 'businessman' 在中文裡的意思是生。,15. Occupations
boss,老闆,The word 'boss' means 老闆 in Chinese.,單字 'boss' 在中文裡的意思是老闆。,15. Occupations
doctor,醫生,He is a good doctor.,他是一位好醫生。,15. Occupations
driver,司機意人,The word 'driver' means 司機意人 in Chinese.,單字 'driver' 在中文裡的意思是司機意人。,15. Occupations
mailman (mail police officer,警,The word 'mailman (mail police officer' means 警 in Chinese.,單字 'mailman (mail police officer' 在中文裡的意思是警。,15. Occupations
farmer,農夫,The word 'farmer' means 農夫 in Chinese.,單字 'farmer' 在中文裡的意思是農夫。,15. Occupations
fisherman,漁夫,The word 'fisherman' means 漁夫 in Chinese.,單字 'fisherman' 在中文裡的意思是漁夫。,15. Occupations
nurse,護士,He is a good nurse.,他是一位好護士。,15. Occupations
carrier),郵差察,The word 'carrier)' means 郵差察 in Chinese.,單字 'carrier)' 在中文裡的意思是郵差察。,15. Occupations
waitress shopkeeper,店主,The word 'waitress shopkeeper' means 店主 in Chinese.,單字 'waitress shopkeeper' 在中文裡的意思是店主。,15. Occupations
singer,歌手,The word 'singer' means 歌手 in Chinese.,單字 'singer' 在中文裡的意思是歌手。,15. Occupations
waiter,服務生,The word 'waiter' means 服務生 in Chinese.,單字 'waiter' 在中文裡的意思是服務生。,15. Occupations
worker,工人女服務生,The word 'worker' means 工人女服務生 in Chinese.,單字 'worker' 在中文裡的意思是工人女服務生。,15. Occupations
writer,作者,The word 'writer' means 作者 in Chinese.,單字 'writer' 在中文裡的意思是作者。,15. Occupations
business,生意,The word 'business' means 生意 in Chinese.,單字 'business' 在中文裡的意思是生意。,15. Occupations
job,工作,The word 'job' means 工作 in Chinese.,單字 'job' 在中文裡的意思是工作。,15. Occupations
work,工作,The word 'work' means 工作 in Chinese.,單字 'work' 在中文裡的意思是工作。,15. Occupations
weather,天氣,The word 'weather' means 天氣 in Chinese.,單字 'weather' 在中文裡的意思是天氣。,15. Occupations
sunny,晴朗的,The word 'sunny' means 晴朗的 in Chinese.,單字 'sunny' 在中文裡的意思是晴朗的。,15. Occupations
cloudy,多雲的,The word 'cloudy' means 多雲的 in Chinese.,單字 'cloudy' 在中文裡的意思是多雲的。,15. Occupations
cold,冷的,The word 'cold' means 冷的 in Chinese.,單字 'cold' 在中文裡的意思是冷的。,15. Occupations
cool,涼的,The word 'cool' means 涼的 in Chinese.,單字 'cool' 在中文裡的意思是涼的。,15. Occupations
dry,乾燥的,The word 'dry' means 乾燥的 in Chinese.,單字 'dry' 在中文裡的意思是乾燥的。,15. Occupations
rainy,下雨的,The word 'rainy' means 下雨的 in Chinese.,單字 'rainy' 在中文裡的意思是下雨的。,15. Occupations
snowy,下雪的,The word 'snowy' means 下雪的 in Chinese.,單字 'snowy' 在中文裡的意思是下雪的。,15. Occupations
star,星星,The word 'star' means 星星 in Chinese.,單字 'star' 在中文裡的意思是星星。,15. Occupations
warm,溫暖的,The word 'warm' means 溫暖的 in Chinese.,單字 'warm' 在中文裡的意思是溫暖的。,15. Occupations
wet,溼的,The word 'wet' means 溼的 in Chinese.,單字 'wet' 在中文裡的意思是溼的。,15. Occupations
windy,大風的,The word 'windy' means 大風的 in Chinese.,單字 'windy' 在中文裡的意思是大風的。,15. Occupations
rainbow,彩虹,The word 'rainbow' means 彩虹 in Chinese.,單字 'rainbow' 在中文裡的意思是彩虹。,15. Occupations
snow,雪,The word 'snow' means 雪 in Chinese.,單字 'snow' 在中文裡的意思是雪。,15. Occupations
snowman,雪人,The word 'snowman' means 雪人 in Chinese.,單字 'snowman' 在中文裡的意思是雪人。,15. Occupations
typhoon,颱風,The word 'typhoon' means 颱風 in Chinese.,單字 'typhoon' 在中文裡的意思是颱風。,15. Occupations
wind,風,The word 'wind' means 風 in Chinese.,單字 'wind' 在中文裡的意思是風。,15. Occupations
blow,吹,The word 'blow' means 吹 in Chinese.,單字 'blow' 在中文裡的意思是吹。,15. Occupations
rain,下雨,The word 'rain' means 下雨 in Chinese.,單字 'rain' 在中文裡的意思是下雨。,15. Occupations
sky,天空,The word 'sky' means 天空 in Chinese.,單字 'sky' 在中文裡的意思是天空。,15. Occupations
sun,太陽,The word 'sun' means 太陽 in Chinese.,單字 'sun' 在中文裡的意思是太陽。,15. Occupations
air,空氣,The word 'air' means 空氣 in Chinese.,單字 'air' 在中文裡的意思是空氣。,15. Occupations
earth,地球,The word 'earth' means 地球 in Chinese.,單字 'earth' 在中文裡的意思是地球。,15. Occupations
moon,月亮,The word 'moon' means 月亮 in Chinese.,單字 'moon' 在中文裡的意思是月亮。,15. Occupations
animal,動物,She has a cute animal.,她有一隻可愛的動物。,15. Occupations
bear,熊,The word 'bear' means 熊 in Chinese.,單字 'bear' 在中文裡的意思是熊。,15. Occupations
cat,貓,She has a cute cat.,她有一隻可愛的貓。,15. Occupations
chicken,雞,The word 'chicken' means 雞 in Chinese.,單字 'chicken' 在中文裡的意思是雞。,15. Occupations
cow,牛,The word 'cow' means 牛 in Chinese.,單字 'cow' 在中文裡的意思是牛。,15. Occupations
dog,狗,She has a cute dog.,她有一隻可愛的狗。,15. Occupations
duck,鴨子,The word 'duck' means 鴨子 in Chinese.,單字 'duck' 在中文裡的意思是鴨子。,15. Occupations
elephant,大象,The word 'elephant' means 大象 in Chinese.,單字 'elephant' 在中文裡的意思是大象。,15. Occupations
fox,狐狸,The word 'fox' means 狐狸 in Chinese.,單字 'fox' 在中文裡的意思是狐狸。,15. Occupations
frog,青蛙,The word 'frog' means 青蛙 in Chinese.,單字 'frog' 在中文裡的意思是青蛙。,15. Occupations
goat,山羊,The word 'goat' means 山羊 in Chinese.,單字 'goat' 在中文裡的意思是山羊。,15. Occupations
goose,鵝,The word 'goose' means 鵝 in Chinese.,單字 'goose' 在中文裡的意思是鵝。,15. Occupations
hen,母雞,The word 'hen' means 母雞 in Chinese.,單字 'hen' 在中文裡的意思是母雞。,15. Occupations
hippo,河馬,The word 'hippo' means 河馬 in Chinese.,單字 'hippo' 在中文裡的意思是河馬。,15. Occupations
horse,馬,The word 'horse' means 馬 in Chinese.,單字 'horse' 在中文裡的意思是馬。,15. Occupations
kangaroo,袋鼠,The word 'kangaroo' means 袋鼠 in Chinese.,單字 'kangaroo' 在中文裡的意思是袋鼠。,15. Occupations
koala,無尾熊,The word 'koala' means 無尾熊 in Chinese.,單字 'koala' 在中文裡的意思是無尾熊。,15. Occupations
lion,獅子,The word 'lion' means 獅子 in Chinese.,單字 'lion' 在中文裡的意思是獅子。,15. Occupations
monkey,猴子,The word 'monkey' means 猴子 in Chinese.,單字 'monkey' 在中文裡的意思是猴子。,15. Occupations
mouse,老鼠,The word 'mouse' means 老鼠 in Chinese.,單字 'mouse' 在中文裡的意思是老鼠。,15. Occupations
whale,鯨魚,The word 'whale' means 鯨魚 in Chinese.,單字 'whale' 在中文裡的意思是鯨魚。,15. Occupations
pet,寵物,She has a cute pet.,她有一隻可愛的寵物。,15. Occupations
pig,豬,The word 'pig' means 豬 in Chinese.,單字 'pig' 在中文裡的意思是豬。,15. Occupations
puppy,小狗,The word 'puppy' means 小狗 in Chinese.,單字 'puppy' 在中文裡的意思是小狗。,15. Occupations
rabbit,兔子,The word 'rabbit' means 兔子 in Chinese.,單字 'rabbit' 在中文裡的意思是兔子。,15. Occupations
rat,大老鼠,The word 'rat' means 大老鼠 in Chinese.,單字 'rat' 在中文裡的意思是大老鼠。,15. Occupations
sheep,綿羊,The word 'sheep' means 綿羊 in Chinese.,單字 'sheep' 在中文裡的意思是綿羊。,15. Occupations
tiger,老虎,The word 'tiger' means 老虎 in Chinese.,單字 'tiger' 在中文裡的意思是老虎。,15. Occupations
turkey,火雞,The word 'turkey' means 火雞 in Chinese.,單字 'turkey' 在中文裡的意思是火雞。,15. Occupations
zebra,斑馬,The word 'zebra' means 斑馬 in Chinese.,單字 'zebra' 在中文裡的意思是斑馬。,15. Occupations
insect,昆蟲,The word 'insect' means 昆蟲 in Chinese.,單字 'insect' 在中文裡的意思是昆蟲。,15. Occupations
ant,螞蟻,The word 'ant' means 螞蟻 in Chinese.,單字 'ant' 在中文裡的意思是螞蟻。,15. Occupations
bat,蝙蝠,The word 'bat' means 蝙蝠 in Chinese.,單字 'bat' 在中文裡的意思是蝙蝠。,15. Occupations
bee,蜜蜂,The word 'bee' means 蜜蜂 in Chinese.,單字 'bee' 在中文裡的意思是蜜蜂。,15. Occupations
bird,鳥,She has a cute bird.,她有一隻可愛的鳥。,15. Occupations
bug,蟲,The word 'bug' means 蟲 in Chinese.,單字 'bug' 在中文裡的意思是蟲。,15. Occupations
butterfly,蝴蝶,The word 'butterfly' means 蝴蝶 in Chinese.,單字 'butterfly' 在中文裡的意思是蝴蝶。,15. Occupations
dragon,龍,The word 'dragon' means 龍 in Chinese.,單字 'dragon' 在中文裡的意思是龍。,15. Occupations
snake,蛇,The word 'snake' means 蛇 in Chinese.,單字 'snake' 在中文裡的意思是蛇。,15. Occupations
spider,蜘蛛,The word 'spider' means 蜘蛛 in Chinese.,單字 'spider' 在中文裡的意思是蜘蛛。,15. Occupations
shark,鯊魚,The word 'shark' means 鯊魚 in Chinese.,單字 'shark' 在中文裡的意思是鯊魚。,15. Occupations
turtle,烏龜,The word 'turtle' means 烏龜 in Chinese.,單字 'turtle' 在中文裡的意思是烏龜。,15. Occupations
be,動詞，助動詞,The word 'be' means 動詞，助動詞 in Chinese.,單字 'be' 在中文裡的意思是動詞，助動詞。,15. Occupations
did done),過去分詞助動詞可以將會(會)是,The word 'did done)' means 過去分詞助動詞可以將會(會)是 in Chinese.,單字 'did done)' 在中文裡的意思是過去分詞助動詞可以將會(會)是。,15. Occupations
(be,動詞)助動詞,The word '(be' means 動詞)助動詞 in Chinese.,單字 '(be' 在中文裡的意思是動詞)助動詞。,15. Occupations
may (might) must,必須,The word 'may (might) must' means 必須 in Chinese.,單字 'may (might) must' 在中文裡的意思是必須。,19. Prepositions
shall,應該,The word 'shall' means 應該 in Chinese.,單字 'shall' 在中文裡的意思是應該。,19. Prepositions
should,應該可能,The word 'should' means 應該可能 in Chinese.,單字 'should' 在中文裡的意思是應該可能。,19. Prepositions
about,大約,The word 'about' means 大約 in Chinese.,單字 'about' 在中文裡的意思是大約。,19. Prepositions
above,在…之上,The word 'above' means 在…之上 in Chinese.,單字 'above' 在中文裡的意思是在…之上。,19. Prepositions
after,在,The word 'after' means 在 in Chinese.,單字 'after' 在中文裡的意思是在。,19. Prepositions
along,沿著,The word 'along' means 沿著 in Chinese.,單字 'along' 在中文裡的意思是沿著。,19. Prepositions
around,附近,The word 'around' means 附近 in Chinese.,單字 'around' 在中文裡的意思是附近。,19. Prepositions
beside,在…旁邊,The word 'beside' means 在…旁邊 in Chinese.,單字 'beside' 在中文裡的意思是在…旁邊。,19. Prepositions
at,在,The word 'at' means 在 in Chinese.,單字 'at' 在中文裡的意思是在。,19. Prepositions
before,在…之前,The word 'before' means 在…之前 in Chinese.,單字 'before' 在中文裡的意思是在…之前。,19. Prepositions
behind,在…之後,The word 'behind' means 在…之後 in Chinese.,單字 'behind' 在中文裡的意思是在…之後。,19. Prepositions
below,在,The word 'below' means 在 in Chinese.,單字 'below' 在中文裡的意思是在。,19. Prepositions
by,靠；被,The word 'by' means 靠；被 in Chinese.,單字 'by' 在中文裡的意思是靠；被。,19. Prepositions
down,下,The word 'down' means 下 in Chinese.,單字 'down' 在中文裡的意思是下。,19. Prepositions
during,在..期間,The word 'during' means 在..期間 in Chinese.,單字 'during' 在中文裡的意思是在..期間。,19. Prepositions
under,在…之下,The word 'under' means 在…之下 in Chinese.,單字 'under' 在中文裡的意思是在…之下。,19. Prepositions
behind in front of until,直到,The word 'behind in front of until' means 直到 in Chinese.,單字 'behind in front of until' 在中文裡的意思是直到。,19. Prepositions
from,從,The word 'from' means 從 in Chinese.,單字 'from' 在中文裡的意思是從。,19. Prepositions
in,在…裡面在…後面在…前面,The word 'in' means 在…裡面在…後面在…前面 in Chinese.,單字 'in' 在中文裡的意思是在…裡面在…後面在…前面。,19. Prepositions
inside,在…裡面,The word 'inside' means 在…裡面 in Chinese.,單字 'inside' 在中文裡的意思是在…裡面。,19. Prepositions
near,附近,The word 'near' means 附近 in Chinese.,單字 'near' 在中文裡的意思是附近。,19. Prepositions
on,在…上面,The word 'on' means 在…上面 in Chinese.,單字 'on' 在中文裡的意思是在…上面。,19. Prepositions
since,自從,The word 'since' means 自從 in Chinese.,單字 'since' 在中文裡的意思是自從。,19. Prepositions
outside,外面,The word 'outside' means 外面 in Chinese.,單字 'outside' 在中文裡的意思是外面。,19. Prepositions
over,在,The word 'over' means 在 in Chinese.,單字 'over' 在中文裡的意思是在。,19. Prepositions
next to,在旁邊,The word 'next to' means 在旁邊 in Chinese.,單字 'next to' 在中文裡的意思是在旁邊。,19. Prepositions
than,比,The word 'than' means 比 in Chinese.,單字 'than' 在中文裡的意思是比。,19. Prepositions
with,跟,The word 'with' means 跟 in Chinese.,單字 'with' 在中文裡的意思是跟。,19. Prepositions
without,沒有越過,The word 'without' means 沒有越過 in Chinese.,單字 'without' 在中文裡的意思是沒有越過。,19. Prepositions
comfortable healthy,健康的,The word 'comfortable healthy' means 健康的 in Chinese.,單字 'comfortable healthy' 在中文裡的意思是健康的。,19. Prepositions
sick,生病的,The word 'sick' means 生病的 in Chinese.,單字 'sick' 在中文裡的意思是生病的。,19. Prepositions
strong,強壯的,The word 'strong' means 強壯的 in Chinese.,單字 'strong' 在中文裡的意思是強壯的。,19. Prepositions
tired,疲勞的舒服的,I feel tired today.,我今天感到疲勞的舒服的。,19. Prepositions
weak,無力的；,The word 'weak' means 無力的； in Chinese.,單字 'weak' 在中文裡的意思是無力的；。,19. Prepositions
well,好的,The word 'well' means 好的 in Chinese.,單字 'well' 在中文裡的意思是好的。,19. Prepositions
headache,頭痛,The word 'headache' means 頭痛 in Chinese.,單字 'headache' 在中文裡的意思是頭痛。,19. Prepositions
fever,發燒虛弱的,The word 'fever' means 發燒虛弱的 in Chinese.,單字 'fever' 在中文裡的意思是發燒虛弱的。,19. Prepositions
sore throat health,健康,The word 'sore throat health' means 健康 in Chinese.,單字 'sore throat health' 在中文裡的意思是健康。,19. Prepositions
life,生命;生活,The word 'life' means 生命;生活 in Chinese.,單字 'life' 在中文裡的意思是生命;生活。,19. Prepositions
medicine,藥喉嚨痛,The word 'medicine' means 藥喉嚨痛 in Chinese.,單字 'medicine' 在中文裡的意思是藥喉嚨痛。,19. Prepositions
of Address,稱謂,The word 'of address' means 稱謂 in Chinese.,單字 'of address' 在中文裡的意思是稱謂。,19. Prepositions
Miss,小姐,The word 'miss' means 小姐 in Chinese.,單字 'miss' 在中文裡的意思是小姐。,19. Prepositions
Sir,先生/長官,The word 'sir' means 先生/長官 in Chinese.,單字 'sir' 在中文裡的意思是先生/長官。,19. Prepositions
Name,名字,The word 'name' means 名字 in Chinese.,單字 'name' 在中文裡的意思是名字。,19. Prepositions
cent,分,The word 'cent' means 分 in Chinese.,單字 'cent' 在中文裡的意思是分。,19. Prepositions
change,零錢,The word 'change' means 零錢 in Chinese.,單字 'change' 在中文裡的意思是零錢。,19. Prepositions
dollar,元,The word 'dollar' means 元 in Chinese.,單字 'dollar' 在中文裡的意思是元。,19. Prepositions
money,錢,The word 'money' means 錢 in Chinese.,單字 'money' 在中文裡的意思是錢。,19. Prepositions
price,價錢,The word 'price' means 價錢 in Chinese.,單字 'price' 在中文裡的意思是價錢。,19. Prepositions
borrow,借來,The word 'borrow' means 借來 in Chinese.,單字 'borrow' 在中文裡的意思是借來。,19. Prepositions
buy,買,The word 'buy' means 買 in Chinese.,單字 'buy' 在中文裡的意思是買。,19. Prepositions
cost,花費,The word 'cost' means 花費 in Chinese.,單字 'cost' 在中文裡的意思是花費。,19. Prepositions
lend,借出,The word 'lend' means 借出 in Chinese.,單字 'lend' 在中文裡的意思是借出。,19. Prepositions
pay,付錢,The word 'pay' means 付錢 in Chinese.,單字 'pay' 在中文裡的意思是付錢。,19. Prepositions
spend,花錢,The word 'spend' means 花錢 in Chinese.,單字 'spend' 在中文裡的意思是花錢。,19. Prepositions
cheap,便宜的,The word 'cheap' means 便宜的 in Chinese.,單字 'cheap' 在中文裡的意思是便宜的。,19. Prepositions
expensive,貴的,The word 'expensive' means 貴的 in Chinese.,單字 'expensive' 在中文裡的意思是貴的。,19. Prepositions
bowl,碗,The word 'bowl' means 碗 in Chinese.,單字 'bowl' 在中文裡的意思是碗。,19. Prepositions
chopsticks,筷子,The word 'chopsticks' means 筷子 in Chinese.,單字 'chopsticks' 在中文裡的意思是筷子。,19. Prepositions
dish,盤子,The word 'dish' means 盤子 in Chinese.,單字 'dish' 在中文裡的意思是盤子。,19. Prepositions
fork,叉子,The word 'fork' means 叉子 in Chinese.,單字 'fork' 在中文裡的意思是叉子。,19. Prepositions
glass,玻璃杯,The word 'glass' means 玻璃杯 in Chinese.,單字 'glass' 在中文裡的意思是玻璃杯。,19. Prepositions
knife,刀子,The word 'knife' means 刀子 in Chinese.,單字 'knife' 在中文裡的意思是刀子。,19. Prepositions
plate,盤子,The word 'plate' means 盤子 in Chinese.,單字 'plate' 在中文裡的意思是盤子。,19. Prepositions
spoon,湯匙,The word 'spoon' means 湯匙 in Chinese.,單字 'spoon' 在中文裡的意思是湯匙。,19. Prepositions
straw,吸管,The word 'straw' means 吸管 in Chinese.,單字 'straw' 在中文裡的意思是吸管。,19. Prepositions
black,黑色,My favorite color is black.,我最喜歡的顏色是黑色。,19. Prepositions
blue,藍色,My favorite color is blue.,我最喜歡的顏色是藍色。,19. Prepositions
brown,棕色,The word 'brown' means 棕色 in Chinese.,單字 'brown' 在中文裡的意思是棕色。,19. Prepositions
color,顏色,The word 'color' means 顏色 in Chinese.,單字 'color' 在中文裡的意思是顏色。,19. Prepositions
gray,灰色,The word 'gray' means 灰色 in Chinese.,單字 'gray' 在中文裡的意思是灰色。,19. Prepositions
green,綠色,My favorite color is green.,我最喜歡的顏色是綠色。,19. Prepositions
orange,橘色,I eat an orange every day.,我每天吃一個橘色。,19. Prepositions
pink,粉紅色,The word 'pink' means 粉紅色 in Chinese.,單字 'pink' 在中文裡的意思是粉紅色。,19. Prepositions
purple,紫色,The word 'purple' means 紫色 in Chinese.,單字 'purple' 在中文裡的意思是紫色。,19. Prepositions
red,紅色,My favorite color is red.,我最喜歡的顏色是紅色。,19. Prepositions
white,白色,My favorite color is white.,我最喜歡的顏色是白色。,19. Prepositions
yellow,黃色,My favorite color is yellow.,我最喜歡的顏色是黃色。,19. Prepositions
and areas,國家地區&語言,The word 'and areas' means 國家地區&語言 in Chinese.,單字 'and areas' 在中文裡的意思是國家地區&語言。,19. Prepositions
country,國家,The word 'country' means 國家 in Chinese.,單字 'country' 在中文裡的意思是國家。,19. Prepositions
world,世界,The word 'world' means 世界 in Chinese.,單字 'world' 在中文裡的意思是世界。,19. Prepositions
America,美國,The word 'america' means 美國 in Chinese.,單字 'america' 在中文裡的意思是美國。,19. Prepositions
China,中國,The word 'china' means 中國 in Chinese.,單字 'china' 在中文裡的意思是中國。,19. Prepositions
Taiwan,台灣,The word 'taiwan' means 台灣 in Chinese.,單字 'taiwan' 在中文裡的意思是台灣。,19. Prepositions
ROC,中華民國,The word 'roc' means 中華民國 in Chinese.,單字 'roc' 在中文裡的意思是中華民國。,19. Prepositions
USA,美國,The word 'usa' means 美國 in Chinese.,單字 'usa' 在中文裡的意思是美國。,19. Prepositions
Taiwanese,台語,The word 'taiwanese' means 台語 in Chinese.,單字 'taiwanese' 在中文裡的意思是台語。,19. Prepositions
Christmas,聖誕節,The word 'christmas' means 聖誕節 in Chinese.,單字 'christmas' 在中文裡的意思是聖誕節。,27. Geographical terms
Day Easter,復活節萬聖節元旦母親節,The word 'day easter' means 復活節萬聖節元旦母親節 in Chinese.,單字 'day easter' 在中文裡的意思是復活節萬聖節元旦母親節。,27. Geographical terms
Day Festival,節慶,The word 'day festival' means 節慶 in Chinese.,單字 'day festival' 在中文裡的意思是節慶。,27. Geographical terms
Holiday,假日,The word 'holiday' means 假日 in Chinese.,單字 'holiday' 在中文裡的意思是假日。,27. Geographical terms
Vacation,假期,The word 'vacation' means 假期 in Chinese.,單字 'vacation' 在中文裡的意思是假期。,27. Geographical terms
Celebrate,慶祝父親節,The word 'celebrate' means 慶祝父親節 in Chinese.,單字 'celebrate' 在中文裡的意思是慶祝父親節。,27. Geographical terms
bank,銀行;河床,The word 'bank' means 銀行;河床 in Chinese.,單字 'bank' 在中文裡的意思是銀行;河床。,27. Geographical terms
hill,山丘,The word 'hill' means 山丘 in Chinese.,單字 'hill' 在中文裡的意思是山丘。,27. Geographical terms
island,島嶼,The word 'island' means 島嶼 in Chinese.,單字 'island' 在中文裡的意思是島嶼。,27. Geographical terms
lake,湖,The word 'lake' means 湖 in Chinese.,單字 'lake' 在中文裡的意思是湖。,27. Geographical terms
mountain,山,The word 'mountain' means 山 in Chinese.,單字 'mountain' 在中文裡的意思是山。,27. Geographical terms
pond,池塘,The word 'pond' means 池塘 in Chinese.,單字 'pond' 在中文裡的意思是池塘。,27. Geographical terms
pool,泳池,The word 'pool' means 泳池 in Chinese.,單字 'pool' 在中文裡的意思是泳池。,27. Geographical terms
river,河流,The word 'river' means 河流 in Chinese.,單字 'river' 在中文裡的意思是河流。,27. Geographical terms
sea,海,The word 'sea' means 海 in Chinese.,單字 'sea' 在中文裡的意思是海。,27. Geographical terms
a,一...,The word 'a' means 一... in Chinese.,單字 'a' 在中文裡的意思是一...。,27. Geographical terms
every,每一...,The word 'every' means 每一... in Chinese.,單字 'every' 在中文裡的意思是每一...。,27. Geographical terms
the,冠詞,The word 'the' means 冠詞 in Chinese.,單字 'the' 在中文裡的意思是冠詞。,27. Geographical terms
this,這個,The word 'this' means 這個 in Chinese.,單字 'this' 在中文裡的意思是這個。,27. Geographical terms
that,那個,The word 'that' means 那個 in Chinese.,單字 'that' 在中文裡的意思是那個。,27. Geographical terms
these,這些,The word 'these' means 這些 in Chinese.,單字 'these' 在中文裡的意思是這些。,27. Geographical terms
those,那些,The word 'those' means 那些 in Chinese.,單字 'those' 在中文裡的意思是那些。,27. Geographical terms
my,我的,The word 'my' means 我的 in Chinese.,單字 'my' 在中文裡的意思是我的。,27. Geographical terms
our,我們的,The word 'our' means 我們的 in Chinese.,單字 'our' 在中文裡的意思是我們的。,27. Geographical terms
your,你的,The word 'your' means 你的 in Chinese.,單字 'your' 在中文裡的意思是你的。,27. Geographical terms
his,他的,The word 'his' means 他的 in Chinese.,單字 'his' 在中文裡的意思是他的。,27. Geographical terms
her,她的,The word 'her' means 她的 in Chinese.,單字 'her' 在中文裡的意思是她的。,27. Geographical terms
its,它的,The word 'its' means 它的 in Chinese.,單字 'its' 在中文裡的意思是它的。,27. Geographical terms
their,他們的,The word 'their' means 他們的 in Chinese.,單字 'their' 在中文裡的意思是他們的。,27. Geographical terms
Wh,單字,The word 'wh' means 單字 in Chinese.,單字 'wh' 在中文裡的意思是單字。,27. Geographical terms
how,如何,The word 'how' means 如何 in Chinese.,單字 'how' 在中文裡的意思是如何。,27. Geographical terms
what,什麼,The word 'what' means 什麼 in Chinese.,單字 'what' 在中文裡的意思是什麼。,27. Geographical terms
which,哪一個,The word 'which' means 哪一個 in Chinese.,單字 'which' 在中文裡的意思是哪一個。,27. Geographical terms
who,誰,The word 'who' means 誰 in Chinese.,單字 'who' 在中文裡的意思是誰。,27. Geographical terms
whose,誰的,The word 'whose' means 誰的 in Chinese.,單字 'whose' 在中文裡的意思是誰的。,27. Geographical terms
when,何時,The word 'when' means 何時 in Chinese.,單字 'when' 在中文裡的意思是何時。,27. Geographical terms
where,哪裡,The word 'where' means 哪裡 in Chinese.,單字 'where' 在中文裡的意思是哪裡。,27. Geographical terms
whether,是否,The word 'whether' means 是否 in Chinese.,單字 'whether' 在中文裡的意思是是否。,27. Geographical terms
why,為什麼,The word 'why' means 為什麼 in Chinese.,單字 'why' 在中文裡的意思是為什麼。,27. Geographical terms
and,和,The word 'and' means 和 in Chinese.,單字 'and' 在中文裡的意思是和。,27. Geographical terms
as,跟...一樣,The word 'as' means 跟...一樣 in Chinese.,單字 'as' 在中文裡的意思是跟...一樣。,27. Geographical terms
because,因為,The word 'because' means 因為 in Chinese.,單字 'because' 在中文裡的意思是因為。,27. Geographical terms
but,可是,The word 'but' means 可是 in Chinese.,單字 'but' 在中文裡的意思是可是。,27. Geographical terms
however,但是,The word 'however' means 但是 in Chinese.,單字 'however' 在中文裡的意思是但是。,27. Geographical terms
if,如果,The word 'if' means 如果 in Chinese.,單字 'if' 在中文裡的意思是如果。,27. Geographical terms
or,或,The word 'or' means 或 in Chinese.,單字 'or' 在中文裡的意思是或。,27. Geographical terms
that,那,The word 'that' means 那 in Chinese.,單字 'that' 在中文裡的意思是那。,27. Geographical terms
though,雖然,The word 'though' means 雖然 in Chinese.,單字 'though' 在中文裡的意思是雖然。,27. Geographical terms
action,動作,The word 'action' means 動作 in Chinese.,單字 'action' 在中文裡的意思是動作。,27. Geographical terms
age,年紀,The word 'age' means 年紀 in Chinese.,單字 'age' 在中文裡的意思是年紀。,27. Geographical terms
American,美國,The word 'american' means 美國 in Chinese.,單字 'american' 在中文裡的意思是美國。,27. Geographical terms
band,樂隊,The word 'band' means 樂隊 in Chinese.,單字 'band' 在中文裡的意思是樂隊。,27. Geographical terms
trouble,麻煩人(的),The word 'trouble' means 麻煩人(的) in Chinese.,單字 'trouble' 在中文裡的意思是麻煩人(的)。,27. Geographical terms
bell,鈴鐺,The word 'bell' means 鈴鐺 in Chinese.,單字 'bell' 在中文裡的意思是鈴鐺。,27. Geographical terms
birthday,生日,The word 'birthday' means 生日 in Chinese.,單字 'birthday' 在中文裡的意思是生日。,27. Geographical terms
bottom,底部,The word 'bottom' means 底部 in Chinese.,單字 'bottom' 在中文裡的意思是底部。,27. Geographical terms
cage,籠子,The word 'cage' means 籠子 in Chinese.,單字 'cage' 在中文裡的意思是籠子。,27. Geographical terms
voice,聲音,The word 'voice' means 聲音 in Chinese.,單字 'voice' 在中文裡的意思是聲音。,27. Geographical terms
case,實例,The word 'case' means 實例 in Chinese.,單字 'case' 在中文裡的意思是實例。,27. Geographical terms
castle,城堡,The word 'castle' means 城堡 in Chinese.,單字 'castle' 在中文裡的意思是城堡。,27. Geographical terms
cellphone,手機,The word 'cellphone' means 手機 in Chinese.,單字 'cellphone' 在中文裡的意思是手機。,27. Geographical terms
center,中心,The word 'center' means 中心 in Chinese.,單字 'center' 在中文裡的意思是中心。,27. Geographical terms
chance,機會,The word 'chance' means 機會 in Chinese.,單字 'chance' 在中文裡的意思是機會。,27. Geographical terms
excuse,抱歉;,The word 'excuse' means 抱歉; in Chinese.,單字 'excuse' 在中文裡的意思是抱歉;。,27. Geographical terms
club,俱樂部,The word 'club' means 俱樂部 in Chinese.,單字 'club' 在中文裡的意思是俱樂部。,27. Geographical terms
corner,角落,The word 'corner' means 角落 in Chinese.,單字 'corner' 在中文裡的意思是角落。,27. Geographical terms
dream,夢,The word 'dream' means 夢 in Chinese.,單字 'dream' 在中文裡的意思是夢。,27. Geographical terms
e-mail,電郵借口,The word 'e-mail' means 電郵借口 in Chinese.,單字 'e-mail' 在中文裡的意思是電郵借口。,27. Geographical terms
experience,經驗,The word 'experience' means 經驗 in Chinese.,單字 'experience' 在中文裡的意思是經驗。,27. Geographical terms
fact,事實,The word 'fact' means 事實 in Chinese.,單字 'fact' 在中文裡的意思是事實。,27. Geographical terms
fire,火,The word 'fire' means 火 in Chinese.,單字 'fire' 在中文裡的意思是火。,27. Geographical terms
foreigner,外國人,The word 'foreigner' means 外國人 in Chinese.,單字 'foreigner' 在中文裡的意思是外國人。,27. Geographical terms
flower,花,The word 'flower' means 花 in Chinese.,單字 'flower' 在中文裡的意思是花。,27. Geographical terms
fun,有趣的,The word 'fun' means 有趣的 in Chinese.,單字 'fun' 在中文裡的意思是有趣的。,27. Geographical terms
garbage,垃圾,The word 'garbage' means 垃圾 in Chinese.,單字 'garbage' 在中文裡的意思是垃圾。,27. Geographical terms
gas,瓦斯,The word 'gas' means 瓦斯 in Chinese.,單字 'gas' 在中文裡的意思是瓦斯。,27. Geographical terms
ghost,鬼魂,The word 'ghost' means 鬼魂 in Chinese.,單字 'ghost' 在中文裡的意思是鬼魂。,27. Geographical terms
gift,禮物,The word 'gift' means 禮物 in Chinese.,單字 'gift' 在中文裡的意思是禮物。,27. Geographical terms
grass,草,The word 'grass' means 草 in Chinese.,單字 'grass' 在中文裡的意思是草。,27. Geographical terms
ground,地面,The word 'ground' means 地面 in Chinese.,單字 'ground' 在中文裡的意思是地面。,27. Geographical terms
group,團,The word 'group' means 團 in Chinese.,單字 'group' 在中文裡的意思是團。,27. Geographical terms
habit,習慣,The word 'habit' means 習慣 in Chinese.,單字 'habit' 在中文裡的意思是習慣。,27. Geographical terms
heat,熱氣,The word 'heat' means 熱氣 in Chinese.,單字 'heat' 在中文裡的意思是熱氣。,27. Geographical terms
honey,蜂蜜,The word 'honey' means 蜂蜜 in Chinese.,單字 'honey' 在中文裡的意思是蜂蜜。,27. Geographical terms
idea,主意,The word 'idea' means 主意 in Chinese.,單字 'idea' 在中文裡的意思是主意。,27. Geographical terms
Internet,網路,The word 'internet' means 網路 in Chinese.,單字 'internet' 在中文裡的意思是網路。,27. Geographical terms
interview,面試,The word 'interview' means 面試 in Chinese.,單字 'interview' 在中文裡的意思是面試。,27. Geographical terms
joy,喜悅,The word 'joy' means 喜悅 in Chinese.,單字 'joy' 在中文裡的意思是喜悅。,27. Geographical terms
matter,事;東西,The word 'matter' means 事;東西 in Chinese.,單字 'matter' 在中文裡的意思是事;東西。,27. Geographical terms
kind,種/仁慈的,The word 'kind' means 種/仁慈的 in Chinese.,單字 'kind' 在中文裡的意思是種/仁慈的。,27. Geographical terms
leader,領導者,The word 'leader' means 領導者 in Chinese.,單字 'leader' 在中文裡的意思是領導者。,27. Geographical terms
lid,蓋子,The word 'lid' means 蓋子 in Chinese.,單字 'lid' 在中文裡的意思是蓋子。,27. Geographical terms
mail,郵件,The word 'mail' means 郵件 in Chinese.,單字 'mail' 在中文裡的意思是郵件。,27. Geographical terms
meeting,會議,The word 'meeting' means 會議 in Chinese.,單字 'meeting' 在中文裡的意思是會議。,27. Geographical terms
mind,心靈,The word 'mind' means 心靈 in Chinese.,單字 'mind' 在中文裡的意思是心靈。,27. Geographical terms
mistake,錯誤,The word 'mistake' means 錯誤 in Chinese.,單字 'mistake' 在中文裡的意思是錯誤。,27. Geographical terms
mud,泥,The word 'mud' means 泥 in Chinese.,單字 'mud' 在中文裡的意思是泥。,27. Geographical terms
news,新聞,The word 'news' means 新聞 in Chinese.,單字 'news' 在中文裡的意思是新聞。,27. Geographical terms
note,筆記;記,The word 'note' means 筆記;記 in Chinese.,單字 'note' 在中文裡的意思是筆記;記。,27. Geographical terms
order,順序;秩序,The word 'order' means 順序;秩序 in Chinese.,單字 'order' 在中文裡的意思是順序;秩序。,27. Geographical terms
newspaper,報紙,The word 'newspaper' means 報紙 in Chinese.,單字 'newspaper' 在中文裡的意思是報紙。,27. Geographical terms
noise,吵鬧聲,The word 'noise' means 吵鬧聲 in Chinese.,單字 'noise' 在中文裡的意思是吵鬧聲。,27. Geographical terms
party,派對錄,The word 'party' means 派對錄 in Chinese.,單字 'party' 在中文裡的意思是派對錄。,27. Geographical terms
way,方向;方,The word 'way' means 方向;方 in Chinese.,單字 'way' 在中文裡的意思是方向;方。,27. Geographical terms
photo,相片,The word 'photo' means 相片 in Chinese.,單字 'photo' 在中文裡的意思是相片。,27. Geographical terms
word,文字,The word 'word' means 文字 in Chinese.,單字 'word' 在中文裡的意思是文字。,27. Geographical terms
planet,星球,The word 'planet' means 星球 in Chinese.,單字 'planet' 在中文裡的意思是星球。,27. Geographical terms
player,球員法,The word 'player' means 球員法 in Chinese.,單字 'player' 在中文裡的意思是球員法。,27. Geographical terms
trash,垃圾,The word 'trash' means 垃圾 in Chinese.,單字 'trash' 在中文裡的意思是垃圾。,32. Other verbs
power,力量,The word 'power' means 力量 in Chinese.,單字 'power' 在中文裡的意思是力量。,32. Other verbs
robot,機器人,The word 'robot' means 機器人 in Chinese.,單字 'robot' 在中文裡的意思是機器人。,32. Other verbs
rock,石頭,The word 'rock' means 石頭 in Chinese.,單字 'rock' 在中文裡的意思是石頭。,32. Other verbs
tree,樹,The word 'tree' means 樹 in Chinese.,單字 'tree' 在中文裡的意思是樹。,32. Other verbs
rose,玫瑰,The word 'rose' means 玫瑰 in Chinese.,單字 'rose' 在中文裡的意思是玫瑰。,32. Other verbs
rule,規則,The word 'rule' means 規則 in Chinese.,單字 'rule' 在中文裡的意思是規則。,32. Other verbs
sale,買賣,The word 'sale' means 買賣 in Chinese.,單字 'sale' 在中文裡的意思是買賣。,32. Other verbs
screen,螢幕,The word 'screen' means 螢幕 in Chinese.,單字 'screen' 在中文裡的意思是螢幕。,32. Other verbs
seat,座位,The word 'seat' means 座位 in Chinese.,單字 'seat' 在中文裡的意思是座位。,32. Other verbs
seed,種子,The word 'seed' means 種子 in Chinese.,單字 'seed' 在中文裡的意思是種子。,32. Other verbs
sentence,句子,The word 'sentence' means 句子 in Chinese.,單字 'sentence' 在中文裡的意思是句子。,32. Other verbs
set,設定,The word 'set' means 設定 in Chinese.,單字 'set' 在中文裡的意思是設定。,32. Other verbs
side,邊,The word 'side' means 邊 in Chinese.,單字 'side' 在中文裡的意思是邊。,32. Other verbs
space,空間;太空,The word 'space' means 空間;太空 in Chinese.,單字 'space' 在中文裡的意思是空間;太空。,32. Other verbs
sight,視線,The word 'sight' means 視線 in Chinese.,單字 'sight' 在中文裡的意思是視線。,32. Other verbs
smile,微笑,The word 'smile' means 微笑 in Chinese.,單字 'smile' 在中文裡的意思是微笑。,32. Other verbs
subject,科目,The word 'subject' means 科目 in Chinese.,單字 'subject' 在中文裡的意思是科目。,32. Other verbs
swing,盪,The word 'swing' means 盪 in Chinese.,單字 'swing' 在中文裡的意思是盪。,32. Other verbs
thing,東西,The word 'thing' means 東西 in Chinese.,單字 'thing' 在中文裡的意思是東西。,32. Other verbs
ticket,票,The word 'ticket' means 票 in Chinese.,單字 'ticket' 在中文裡的意思是票。,32. Other verbs
tool,工具,The word 'tool' means 工具 in Chinese.,單字 'tool' 在中文裡的意思是工具。,32. Other verbs
feel,感覺,The word 'feel' means 感覺 in Chinese.,單字 'feel' 在中文裡的意思是感覺。,32. Other verbs
hear,聽,The word 'hear' means 聽 in Chinese.,單字 'hear' 在中文裡的意思是聽。,32. Other verbs
look,看,The word 'look' means 看 in Chinese.,單字 'look' 在中文裡的意思是看。,32. Other verbs
see,看,The word 'see' means 看 in Chinese.,單字 'see' 在中文裡的意思是看。,32. Other verbs
smell,聞,The word 'smell' means 聞 in Chinese.,單字 'smell' 在中文裡的意思是聞。,32. Other verbs
sound,聲音,The word 'sound' means 聲音 in Chinese.,單字 'sound' 在中文裡的意思是聲音。,32. Other verbs
taste,品嘗,The word 'taste' means 品嘗 in Chinese.,單字 'taste' 在中文裡的意思是品嘗。,32. Other verbs
watch,看,The word 'watch' means 看 in Chinese.,單字 'watch' 在中文裡的意思是看。,32. Other verbs
check,確認,The word 'check' means 確認 in Chinese.,單字 'check' 在中文裡的意思是確認。,32. Other verbs
end,結束,The word 'end' means 結束 in Chinese.,單字 'end' 在中文裡的意思是結束。,32. Other verbs
finish,完成,The word 'finish' means 完成 in Chinese.,單字 'finish' 在中文裡的意思是完成。,32. Other verbs
believe,相信,The word 'believe' means 相信 in Chinese.,單字 'believe' 在中文裡的意思是相信。,32. Other verbs
forget,忘記,The word 'forget' means 忘記 in Chinese.,單字 'forget' 在中文裡的意思是忘記。,32. Other verbs
guess,猜,The word 'guess' means 猜 in Chinese.,單字 'guess' 在中文裡的意思是猜。,32. Other verbs
hate,恨,The word 'hate' means 恨 in Chinese.,單字 'hate' 在中文裡的意思是恨。,32. Other verbs
hope,希望,The word 'hope' means 希望 in Chinese.,單字 'hope' 在中文裡的意思是希望。,32. Other verbs
know,知道,The word 'know' means 知道 in Chinese.,單字 'know' 在中文裡的意思是知道。,32. Other verbs
like,喜歡,The word 'like' means 喜歡 in Chinese.,單字 'like' 在中文裡的意思是喜歡。,32. Other verbs
love,愛,The word 'love' means 愛 in Chinese.,單字 'love' 在中文裡的意思是愛。,32. Other verbs
mind,介意,The word 'mind' means 介意 in Chinese.,單字 'mind' 在中文裡的意思是介意。,32. Other verbs
need,需要,The word 'need' means 需要 in Chinese.,單字 'need' 在中文裡的意思是需要。,32. Other verbs
notice,注意,The word 'notice' means 注意 in Chinese.,單字 'notice' 在中文裡的意思是注意。,32. Other verbs
remember,記得,The word 'remember' means 記得 in Chinese.,單字 'remember' 在中文裡的意思是記得。,32. Other verbs
surprise,驚喜,The word 'surprise' means 驚喜 in Chinese.,單字 'surprise' 在中文裡的意思是驚喜。,32. Other verbs
think,想,The word 'think' means 想 in Chinese.,單字 'think' 在中文裡的意思是想。,32. Other verbs
want,想要,The word 'want' means 想要 in Chinese.,單字 'want' 在中文裡的意思是想要。,32. Other verbs
wish,希望,The word 'wish' means 希望 in Chinese.,單字 'wish' 在中文裡的意思是希望。,32. Other verbs
worry,煩惱,The word 'worry' means 煩惱 in Chinese.,單字 'worry' 在中文裡的意思是煩惱。,32. Other verbs
act,演,The word 'act' means 演 in Chinese.,單字 'act' 在中文裡的意思是演。,32. Other verbs
visit,訪視,The word 'visit' means 訪視 in Chinese.,單字 'visit' 在中文裡的意思是訪視。,32. Other verbs
break,打破,The word 'break' means 打破 in Chinese.,單字 'break' 在中文裡的意思是打破。,32. Other verbs
bring,帶來,The word 'bring' means 帶來 in Chinese.,單字 'bring' 在中文裡的意思是帶來。,32. Other verbs
brush,刷,The word 'brush' means 刷 in Chinese.,單字 'brush' 在中文裡的意思是刷。,32. Other verbs
cheat,作弊;欺騙,The word 'cheat' means 作弊;欺騙 in Chinese.,單字 'cheat' 在中文裡的意思是作弊;欺騙。,32. Other verbs
carry,攜帶,The word 'carry' means 攜帶 in Chinese.,單字 'carry' 在中文裡的意思是攜帶。,32. Other verbs
catch,接,The word 'catch' means 接 in Chinese.,單字 'catch' 在中文裡的意思是接。,32. Other verbs
choose,選擇,The word 'choose' means 選擇 in Chinese.,單字 'choose' 在中文裡的意思是選擇。,32. Other verbs
clap,拍手,The word 'clap' means 拍手 in Chinese.,單字 'clap' 在中文裡的意思是拍手。,32. Other verbs
close,關,The word 'close' means 關 in Chinese.,單字 'close' 在中文裡的意思是關。,32. Other verbs
come,來,The word 'come' means 來 in Chinese.,單字 'come' 在中文裡的意思是來。,32. Other verbs
collect,收集,The word 'collect' means 收集 in Chinese.,單字 'collect' 在中文裡的意思是收集。,32. Other verbs
correct,正確,The word 'correct' means 正確 in Chinese.,單字 'correct' 在中文裡的意思是正確。,32. Other verbs
copy,拷貝,The word 'copy' means 拷貝 in Chinese.,單字 'copy' 在中文裡的意思是拷貝。,32. Other verbs
count,算,The word 'count' means 算 in Chinese.,單字 'count' 在中文裡的意思是算。,32. Other verbs
cover,蓋,The word 'cover' means 蓋 in Chinese.,單字 'cover' 在中文裡的意思是蓋。,32. Other verbs
cry,哭,The word 'cry' means 哭 in Chinese.,單字 'cry' 在中文裡的意思是哭。,32. Other verbs
cut,切,The word 'cut' means 切 in Chinese.,單字 'cut' 在中文裡的意思是切。,32. Other verbs
dig,挖,The word 'dig' means 挖 in Chinese.,單字 'dig' 在中文裡的意思是挖。,32. Other verbs
hide,躲,The word 'hide' means 躲 in Chinese.,單字 'hide' 在中文裡的意思是躲。,32. Other verbs
enter,進入,The word 'enter' means 進入 in Chinese.,單字 'enter' 在中文裡的意思是進入。,32. Other verbs
feed,餵,The word 'feed' means 餵 in Chinese.,單字 'feed' 在中文裡的意思是餵。,32. Other verbs
fight,打鬥,The word 'fight' means 打鬥 in Chinese.,單字 'fight' 在中文裡的意思是打鬥。,32. Other verbs
follow,跟,The word 'follow' means 跟 in Chinese.,單字 'follow' 在中文裡的意思是跟。,32. Other verbs
wait,等,The word 'wait' means 等 in Chinese.,單字 'wait' 在中文裡的意思是等。,32. Other verbs
go,去,The word 'go' means 去 in Chinese.,單字 'go' 在中文裡的意思是去。,32. Other verbs
grow,成長；生長,The word 'grow' means 成長；生長 in Chinese.,單字 'grow' 在中文裡的意思是成長；生長。,32. Other verbs
try,試,The word 'try' means 試 in Chinese.,單字 'try' 在中文裡的意思是試。,32. Other verbs
help,幫,The word 'help' means 幫 in Chinese.,單字 'help' 在中文裡的意思是幫。,32. Other verbs
hit,打,The word 'hit' means 打 in Chinese.,單字 'hit' 在中文裡的意思是打。,32. Other verbs
hold,拿,The word 'hold' means 拿 in Chinese.,單字 'hold' 在中文裡的意思是拿。,32. Other verbs
hop,跳,The word 'hop' means 跳 in Chinese.,單字 'hop' 在中文裡的意思是跳。,32. Other verbs
hunt,打獵,The word 'hunt' means 打獵 in Chinese.,單字 'hunt' 在中文裡的意思是打獵。,32. Other verbs
hurry,催促,The word 'hurry' means 催促 in Chinese.,單字 'hurry' 在中文裡的意思是催促。,32. Other verbs
jump,跳,They like to jump in the park.,他們喜歡在公園跳。,32. Other verbs
kick,踢,The word 'kick' means 踢 in Chinese.,單字 'kick' 在中文裡的意思是踢。,32. Other verbs
knock,敲,The word 'knock' means 敲 in Chinese.,單字 'knock' 在中文裡的意思是敲。,32. Other verbs
kill,殺,The word 'kill' means 殺 in Chinese.,單字 'kill' 在中文裡的意思是殺。,32. Other verbs
kiss,親,The word 'kiss' means 親 in Chinese.,單字 'kiss' 在中文裡的意思是親。,32. Other verbs
laugh,笑,The word 'laugh' means 笑 in Chinese.,單字 'laugh' 在中文裡的意思是笑。,32. Other verbs
leave,離開,The word 'leave' means 離開 in Chinese.,單字 'leave' 在中文裡的意思是離開。,32. Other verbs
list,列清單,The word 'list' means 列清單 in Chinese.,單字 'list' 在中文裡的意思是列清單。,32. Other verbs
make,做,The word 'make' means 做 in Chinese.,單字 'make' 在中文裡的意思是做。,32. Other verbs
move,移動;搬家,The word 'move' means 移動;搬家 in Chinese.,單字 'move' 在中文裡的意思是移動;搬家。,32. Other verbs
meet,相遇,The word 'meet' means 相遇 in Chinese.,單字 'meet' 在中文裡的意思是相遇。,32. Other verbs
miss,想念,The word 'miss' means 想念 in Chinese.,單字 'miss' 在中文裡的意思是想念。,32. Other verbs
nod,點頭,The word 'nod' means 點頭 in Chinese.,單字 'nod' 在中文裡的意思是點頭。,32. Other verbs
open,開,The word 'open' means 開 in Chinese.,單字 'open' 在中文裡的意思是開。,32. Other verbs
pack,打包,The word 'pack' means 打包 in Chinese.,單字 'pack' 在中文裡的意思是打包。,32. Other verbs
park,停車,The word 'park' means 停車 in Chinese.,單字 'park' 在中文裡的意思是停車。,32. Other verbs
paste,黏,The word 'paste' means 黏 in Chinese.,單字 'paste' 在中文裡的意思是黏。,32. Other verbs
pick,撿,The word 'pick' means 撿 in Chinese.,單字 'pick' 在中文裡的意思是撿。,32. Other verbs
plant,植物,The word 'plant' means 植物 in Chinese.,單字 'plant' 在中文裡的意思是植物。,32. Other verbs
pull,拉,The word 'pull' means 拉 in Chinese.,單字 'pull' 在中文裡的意思是拉。,32. Other verbs
push,推,The word 'push' means 推 in Chinese.,單字 'push' 在中文裡的意思是推。,32. Other verbs
put,放,The word 'put' means 放 in Chinese.,單字 'put' 在中文裡的意思是放。,32. Other verbs
rise,升起,The word 'rise' means 升起 in Chinese.,單字 'rise' 在中文裡的意思是升起。,32. Other verbs
roll,滾,The word 'roll' means 滾 in Chinese.,單字 'roll' 在中文裡的意思是滾。,32. Other verbs
run,跑,They like to run in the park.,他們喜歡在公園跑。,32. Other verbs
rest,休息,The word 'rest' means 休息 in Chinese.,單字 'rest' 在中文裡的意思是休息。,32. Other verbs
shout,大叫,The word 'shout' means 大叫 in Chinese.,單字 'shout' 在中文裡的意思是大叫。,32. Other verbs
smoke,煙,The word 'smoke' means 煙 in Chinese.,單字 'smoke' 在中文裡的意思是煙。,32. Other verbs
sign,簽,The word 'sign' means 簽 in Chinese.,單字 'sign' 在中文裡的意思是簽。,32. Other verbs
stand,站,The word 'stand' means 站 in Chinese.,單字 'stand' 在中文裡的意思是站。,32. Other verbs
take,拿,The word 'take' means 拿 in Chinese.,單字 'take' 在中文裡的意思是拿。,32. Other verbs
tell,說,The word 'tell' means 說 in Chinese.,單字 'tell' 在中文裡的意思是說。,32. Other verbs
throw,丟,The word 'throw' means 丟 in Chinese.,單字 'throw' 在中文裡的意思是丟。,32. Other verbs
touch,摸,The word 'touch' means 摸 in Chinese.,單字 'touch' 在中文裡的意思是摸。,32. Other verbs
type,打字,The word 'type' means 打字 in Chinese.,單字 'type' 在中文裡的意思是打字。,32. Other verbs
use,使用,The word 'use' means 使用 in Chinese.,單字 'use' 在中文裡的意思是使用。,32. Other verbs
walk,走路,They like to walk in the park.,他們喜歡在公園走路。,32. Other verbs
wave,揮舞,The word 'wave' means 揮舞 in Chinese.,單字 'wave' 在中文裡的意思是揮舞。,32. Other verbs
mop,抹,The word 'mop' means 抹 in Chinese.,單字 'mop' 在中文裡的意思是抹。,32. Other verbs
agree,同意,The word 'agree' means 同意 in Chinese.,單字 'agree' 在中文裡的意思是同意。,32. Other verbs
appear,出現,The word 'appear' means 出現 in Chinese.,單字 'appear' 在中文裡的意思是出現。,32. Other verbs
welcome,歡迎,The word 'welcome' means 歡迎 in Chinese.,單字 'welcome' 在中文裡的意思是歡迎。,32. Other verbs
become,成為,The word 'become' means 成為 in Chinese.,單字 'become' 在中文裡的意思是成為。,32. Other verbs
begin,開始,The word 'begin' means 開始 in Chinese.,單字 'begin' 在中文裡的意思是開始。,32. Other verbs
belong,屬於,The word 'belong' means 屬於 in Chinese.,單字 'belong' 在中文裡的意思是屬於。,32. Other verbs
call,打電話;叫,The word 'call' means 打電話;叫 in Chinese.,單字 'call' 在中文裡的意思是打電話;叫。,32. Other verbs
care,關心,The word 'care' means 關心 in Chinese.,單字 'care' 在中文裡的意思是關心。,32. Other verbs
date,給日期,The word 'date' means 給日期 in Chinese.,單字 'date' 在中文裡的意思是給日期。,32. Other verbs
deal,交易,The word 'deal' means 交易 in Chinese.,單字 'deal' 在中文裡的意思是交易。,32. Other verbs
decide,決定,The word 'decide' means 決定 in Chinese.,單字 'decide' 在中文裡的意思是決定。,32. Other verbs
die,死,The word 'die' means 死 in Chinese.,單字 'die' 在中文裡的意思是死。,32. Other verbs
enjoy,享受,The word 'enjoy' means 享受 in Chinese.,單字 'enjoy' 在中文裡的意思是享受。,32. Other verbs
fall,掉落,The word 'fall' means 掉落 in Chinese.,單字 'fall' 在中文裡的意思是掉落。,32. Other verbs
fill,填滿,The word 'fill' means 填滿 in Chinese.,單字 'fill' 在中文裡的意思是填滿。,32. Other verbs
find,找,The word 'find' means 找 in Chinese.,單字 'find' 在中文裡的意思是找。,32. Other verbs
get,得到,The word 'get' means 得到 in Chinese.,單字 'get' 在中文裡的意思是得到。,32. Other verbs
give,給,The word 'give' means 給 in Chinese.,單字 'give' 在中文裡的意思是給。,32. Other verbs
happen,發生,The word 'happen' means 發生 in Chinese.,單字 'happen' 在中文裡的意思是發生。,32. Other verbs
wake,叫醒,The word 'wake' means 叫醒 in Chinese.,單字 'wake' 在中文裡的意思是叫醒。,32. Other verbs
hurt,傷害,The word 'hurt' means 傷害 in Chinese.,單字 'hurt' 在中文裡的意思是傷害。,32. Other verbs
invite,邀請,The word 'invite' means 邀請 in Chinese.,單字 'invite' 在中文裡的意思是邀請。,32. Other verbs
join,參加,The word 'join' means 參加 in Chinese.,單字 'join' 在中文裡的意思是參加。,32. Other verbs
keep,保留,The word 'keep' means 保留 in Chinese.,單字 'keep' 在中文裡的意思是保留。,32. Other verbs
lead,領導,The word 'lead' means 領導 in Chinese.,單字 'lead' 在中文裡的意思是領導。,32. Other verbs
let,讓,The word 'let' means 讓 in Chinese.,單字 'let' 在中文裡的意思是讓。,32. Other verbs
lie,騙,The word 'lie' means 騙 in Chinese.,單字 'lie' 在中文裡的意思是騙。,32. Other verbs
mean,意指,The word 'mean' means 意指 in Chinese.,單字 'mean' 在中文裡的意思是意指。,32. Other verbs
plan,計畫,The word 'plan' means 計畫 in Chinese.,單字 'plan' 在中文裡的意思是計畫。,32. Other verbs
please,請;拜託,The word 'please' means 請;拜託 in Chinese.,單字 'please' 在中文裡的意思是請;拜託。,32. Other verbs
pray,祈禱,The word 'pray' means 祈禱 in Chinese.,單字 'pray' 在中文裡的意思是祈禱。,32. Other verbs
prepare,準備,The word 'prepare' means 準備 in Chinese.,單字 'prepare' 在中文裡的意思是準備。,32. Other verbs
thank,謝謝,The word 'thank' means 謝謝 in Chinese.,單字 'thank' 在中文裡的意思是謝謝。,32. Other verbs
save,記錄;救,The word 'save' means 記錄;救 in Chinese.,單字 'save' 在中文裡的意思是記錄;救。,32. Other verbs
sell,賣,The word 'sell' means 賣 in Chinese.,單字 'sell' 在中文裡的意思是賣。,32. Other verbs
send,寄,The word 'send' means 寄 in Chinese.,單字 'send' 在中文裡的意思是寄。,32. Other verbs
share,分享,The word 'share' means 分享 in Chinese.,單字 'share' 在中文裡的意思是分享。,32. Other verbs
show,展示,The word 'show' means 展示 in Chinese.,單字 'show' 在中文裡的意思是展示。,32. Other verbs
sit,坐,The word 'sit' means 坐 in Chinese.,單字 'sit' 在中文裡的意思是坐。,33. Other adjectives
sleep,睡,The word 'sleep' means 睡 in Chinese.,單字 'sleep' 在中文裡的意思是睡。,33. Other adjectives
start,開始,The word 'start' means 開始 in Chinese.,單字 'start' 在中文裡的意思是開始。,33. Other adjectives
stay,留下,The word 'stay' means 留下 in Chinese.,單字 'stay' 在中文裡的意思是留下。,33. Other adjectives
stop,停止,The word 'stop' means 停止 in Chinese.,單字 'stop' 在中文裡的意思是停止。,33. Other adjectives
common,共同的;,The word 'common' means 共同的; in Chinese.,單字 'common' 在中文裡的意思是共同的;。,33. Other adjectives
convenient able,可以,The word 'convenient able' means 可以 in Chinese.,單字 'convenient able' 在中文裡的意思是可以。,33. Other adjectives
afraid,害怕,The word 'afraid' means 害怕 in Chinese.,單字 'afraid' 在中文裡的意思是害怕。,33. Other adjectives
bright,亮的平常的方便的,The word 'bright' means 亮的平常的方便的 in Chinese.,單字 'bright' 在中文裡的意思是亮的平常的方便的。,33. Other adjectives
dangerous,危險,The word 'dangerous' means 危險 in Chinese.,單字 'dangerous' 在中文裡的意思是危險。,33. Other adjectives
correct,正確的,The word 'correct' means 正確的 in Chinese.,單字 'correct' 在中文裡的意思是正確的。,33. Other adjectives
dark,暗的,The word 'dark' means 暗的 in Chinese.,單字 'dark' 在中文裡的意思是暗的。,33. Other adjectives
dead,死的,The word 'dead' means 死的 in Chinese.,單字 'dead' 在中文裡的意思是死的。,33. Other adjectives
dear,親愛的的,The word 'dear' means 親愛的的 in Chinese.,單字 'dear' 在中文裡的意思是親愛的的。,33. Other adjectives
different,不同的,The word 'different' means 不同的 in Chinese.,單字 'different' 在中文裡的意思是不同的。,33. Other adjectives
difficult,難的,The word 'difficult' means 難的 in Chinese.,單字 'difficult' 在中文裡的意思是難的。,33. Other adjectives
dirty,髒的,The word 'dirty' means 髒的 in Chinese.,單字 'dirty' 在中文裡的意思是髒的。,33. Other adjectives
easy,簡單的,The word 'easy' means 簡單的 in Chinese.,單字 'easy' 在中文裡的意思是簡單的。,33. Other adjectives
else,其他,The word 'else' means 其他 in Chinese.,單字 'else' 在中文裡的意思是其他。,33. Other adjectives
excellent,太棒的,The word 'excellent' means 太棒的 in Chinese.,單字 'excellent' 在中文裡的意思是太棒的。,33. Other adjectives
favorite,最喜歡,The word 'favorite' means 最喜歡 in Chinese.,單字 'favorite' 在中文裡的意思是最喜歡。,33. Other adjectives
enough,夠的,The word 'enough' means 夠的 in Chinese.,單字 'enough' 在中文裡的意思是夠的。,33. Other adjectives
fine,好的,The word 'fine' means 好的 in Chinese.,單字 'fine' 在中文裡的意思是好的。,33. Other adjectives
foreign,外來的的,The word 'foreign' means 外來的的 in Chinese.,單字 'foreign' 在中文裡的意思是外來的的。,33. Other adjectives
free,免費的;空,The word 'free' means 免費的;空 in Chinese.,單字 'free' 在中文裡的意思是免費的;空。,33. Other adjectives
hard,硬的;難的,The word 'hard' means 硬的;難的 in Chinese.,單字 'hard' 在中文裡的意思是硬的;難的。,33. Other adjectives
fresh,新鮮的,The word 'fresh' means 新鮮的 in Chinese.,單字 'fresh' 在中文裡的意思是新鮮的。,33. Other adjectives
glad,快樂的,The word 'glad' means 快樂的 in Chinese.,單字 'glad' 在中文裡的意思是快樂的。,33. Other adjectives
great,好的閒的,The word 'great' means 好的閒的 in Chinese.,單字 'great' 在中文裡的意思是好的閒的。,33. Other adjectives
helpful important interesting loud,大聲的,The word 'helpful important interesting loud' means 大聲的 in Chinese.,單字 'helpful important interesting loud' 在中文裡的意思是大聲的。,33. Other adjectives
lucky,幸運的有幫助的重要的有趣的,The word 'lucky' means 幸運的有幫助的重要的有趣的 in Chinese.,單字 'lucky' 在中文裡的意思是幸運的有幫助的重要的有趣的。,33. Other adjectives
magic,魔術,The word 'magic' means 魔術 in Chinese.,單字 'magic' 在中文裡的意思是魔術。,33. Other adjectives
modern,摩登的,The word 'modern' means 摩登的 in Chinese.,單字 'modern' 在中文裡的意思是摩登的。,33. Other adjectives
national,國家的,The word 'national' means 國家的 in Chinese.,單字 'national' 在中文裡的意思是國家的。,33. Other adjectives
new,新的,The house is very new.,這間房子非常新的。,33. Other adjectives
only,只有,The word 'only' means 只有 in Chinese.,單字 'only' 在中文裡的意思是只有。,33. Other adjectives
popular possible other,其他的,The word 'popular possible other' means 其他的 in Chinese.,單字 'popular possible other' 在中文裡的意思是其他的。,33. Other adjectives
own,自己,The word 'own' means 自己 in Chinese.,單字 'own' 在中文裡的意思是自己。,33. Other adjectives
present,現在的受歡迎的有可能的,The word 'present' means 現在的受歡迎的有可能的 in Chinese.,單字 'present' 在中文裡的意思是現在的受歡迎的有可能的。,33. Other adjectives
public,公開的,The word 'public' means 公開的 in Chinese.,單字 'public' 在中文裡的意思是公開的。,33. Other adjectives
quiet,安靜的,The word 'quiet' means 安靜的 in Chinese.,單字 'quiet' 在中文裡的意思是安靜的。,33. Other adjectives
ready,準備好的,The word 'ready' means 準備好的 in Chinese.,單字 'ready' 在中文裡的意思是準備好的。,33. Other adjectives
real,真的,The word 'real' means 真的 in Chinese.,單字 'real' 在中文裡的意思是真的。,33. Other adjectives
right,正確的,The word 'right' means 正確的 in Chinese.,單字 'right' 在中文裡的意思是正確的。,33. Other adjectives
safe,安全的,The word 'safe' means 安全的 in Chinese.,單字 'safe' 在中文裡的意思是安全的。,33. Other adjectives
same,一樣的,The word 'same' means 一樣的 in Chinese.,單字 'same' 在中文裡的意思是一樣的。,33. Other adjectives
scared,驚嚇的,The word 'scared' means 驚嚇的 in Chinese.,單字 'scared' 在中文裡的意思是驚嚇的。,33. Other adjectives
serious,認真的,The word 'serious' means 認真的 in Chinese.,單字 'serious' 在中文裡的意思是認真的。,33. Other adjectives
wrong,錯誤的,The word 'wrong' means 錯誤的 in Chinese.,單字 'wrong' 在中文裡的意思是錯誤的。,33. Other adjectives
simple,簡易的,The word 'simple' means 簡易的 in Chinese.,單字 'simple' 在中文裡的意思是簡易的。,33. Other adjectives
sorry,對不起,The word 'sorry' means 對不起 in Chinese.,單字 'sorry' 在中文裡的意思是對不起。,33. Other adjectives
special,特別的,The word 'special' means 特別的 in Chinese.,單字 'special' 在中文裡的意思是特別的。,33. Other adjectives
strange,奇怪的,The word 'strange' means 奇怪的 in Chinese.,單字 'strange' 在中文裡的意思是奇怪的。,33. Other adjectives
sure,確定的,The word 'sure' means 確定的 in Chinese.,單字 'sure' 在中文裡的意思是確定的。,33. Other adjectives
surprised,驚喜,The word 'surprised' means 驚喜 in Chinese.,單字 'surprised' 在中文裡的意思是驚喜。,33. Other adjectives
terrible,恐怖的,The word 'terrible' means 恐怖的 in Chinese.,單字 'terrible' 在中文裡的意思是恐怖的。,33. Other adjectives
true,真的,The word 'true' means 真的 in Chinese.,單字 'true' 在中文裡的意思是真的。,33. Other adjectives
wonderful,好的,The word 'wonderful' means 好的 in Chinese.,單字 'wonderful' 在中文裡的意思是好的。,33. Other adjectives
useful,有用的,The word 'useful' means 有用的 in Chinese.,單字 'useful' 在中文裡的意思是有用的。,33. Other adjectives
always,總是,The word 'always' means 總是 in Chinese.,單字 'always' 在中文裡的意思是總是。,33. Other adjectives
ever,曾經,The word 'ever' means 曾經 in Chinese.,單字 'ever' 在中文裡的意思是曾經。,33. Other adjectives
never,從不,The word 'never' means 從不 in Chinese.,單字 'never' 在中文裡的意思是從不。,33. Other adjectives
often,時常,The word 'often' means 時常 in Chinese.,單字 'often' 在中文裡的意思是時常。,33. Other adjectives
seldom,很少,The word 'seldom' means 很少 in Chinese.,單字 'seldom' 在中文裡的意思是很少。,33. Other adjectives
sometimes,有時,The word 'sometimes' means 有時 in Chinese.,單字 'sometimes' 在中文裡的意思是有時。,33. Other adjectives
usually,通常,The word 'usually' means 通常 in Chinese.,單字 'usually' 在中文裡的意思是通常。,33. Other adjectives
again,再次,The word 'again' means 再次 in Chinese.,單字 'again' 在中文裡的意思是再次。,33. Other adjectives
also,也,The word 'also' means 也 in Chinese.,單字 'also' 在中文裡的意思是也。,33. Other adjectives
away,離開,The word 'away' means 離開 in Chinese.,單字 'away' 在中文裡的意思是離開。,33. Other adjectives
too,也;太,The word 'too' means 也;太 in Chinese.,單字 'too' 在中文裡的意思是也;太。,33. Other adjectives
almost,幾乎,The word 'almost' means 幾乎 in Chinese.,單字 'almost' 在中文裡的意思是幾乎。,33. Other adjectives
even,甚至,The word 'even' means 甚至 in Chinese.,單字 'even' 在中文裡的意思是甚至。,33. Other adjectives
finally,最後,The word 'finally' means 最後 in Chinese.,單字 'finally' 在中文裡的意思是最後。,33. Other adjectives
least,最少,The word 'least' means 最少 in Chinese.,單字 'least' 在中文裡的意思是最少。,33. Other adjectives
maybe,可能,The word 'maybe' means 可能 in Chinese.,單字 'maybe' 在中文裡的意思是可能。,33. Other adjectives
perhaps,大概,The word 'perhaps' means 大概 in Chinese.,單字 'perhaps' 在中文裡的意思是大概。,33. Other adjectives
really,真的,The word 'really' means 真的 in Chinese.,單字 'really' 在中文裡的意思是真的。,33. Other adjectives
so,所以,The word 'so' means 所以 in Chinese.,單字 'so' 在中文裡的意思是所以。,33. Other adjectives
still,仍然,The word 'still' means 仍然 in Chinese.,單字 'still' 在中文裡的意思是仍然。,33. Other adjectives
then,然後,The word 'then' means 然後 in Chinese.,單字 'then' 在中文裡的意思是然後。,33. Other adjectives
together,一起,The word 'together' means 一起 in Chinese.,單字 'together' 在中文裡的意思是一起。,33. Other adjectives
very,非常,The word 'very' means 非常 in Chinese.,單字 'very' 在中文裡的意思是非常。,33. Other adjectives
quite,相當,The word 'quite' means 相當 in Chinese.,單字 'quite' 在中文裡的意思是相當。,33. Other adjectives
yet,還沒,The word 'yet' means 還沒 in Chinese.,單字 'yet' 在中文裡的意思是還沒。,33. Other adjectives
somewhere,某地,The word 'somewhere' means 某地 in Chinese.,單字 'somewhere' 在中文裡的意思是某地。,33. Other adjectives
either,也不,The word 'either' means 也不 in Chinese.,單字 'either' 在中文裡的意思是也不。,33. Other adjectives
yes(yeah),是,The word 'yes(yeah)' means 是 in Chinese.,單字 'yes(yeah)' 在中文裡的意思是是。,33. Other adjectives
